,User 0,User 1,User 2,precisionG,recallG,fscoreG,T,C,Quantity
0,353,446,495,0.9375,1,0.967741935,15,16,1547
1,289,337,427,1,1,1,16,16,1697
2,279,569,582,1,1,1,24,24,1644
3,629,100,245,0.833333333,1,0.909090909,10,12,1561
4,123,620,297,1,1,1,20,20,1639
5,375,164,297,1,1,1,22,22,1621
6,156,357,378,0.833333333,1,0.909090909,10,12,1627
7,440,218,164,1,1,1,16,16,1566
8,262,386,137,0.888888889,1,0.941176471,16,18,1635
9,102,439,314,0.933333333,1,0.965517241,14,15,1588
10,150,441,186,1,1,1,15,15,1577
11,113,192,376,1,1,1,15,15,1577
12,484,52,333,1,1,1,16,16,1618
13,365,142,471,1,1,1,17,17,1562
14,90,598,111,1,1,1,13,13,1686
15,80,470,24,0.95,1,0.974358974,19,20,1642
16,626,418,557,1,1,1,17,17,1669
17,529,589,648,0.909090909,1,0.952380952,20,22,1595
18,325,593,359,1,1,1,24,24,1630
19,164,196,594,0.95,1,0.974358974,19,20,1612
20,529,211,231,1,1,1,17,17,1589
21,570,117,126,1,1,1,18,18,1568
22,428,133,104,0.909090909,1,0.952380952,10,11,1633
23,433,50,358,0.944444444,1,0.971428571,17,18,1664
24,398,39,209,1,1,1,13,13,1662
25,239,185,551,1,1,1,21,21,1669
26,309,60,222,1,1,1,14,14,1534
27,300,570,405,1,1,1,19,19,1588
28,434,130,646,1,1,1,12,12,1621
29,235,643,80,0.909090909,1,0.952380952,10,11,1639
30,52,444,73,1,1,1,15,15,1681
31,570,198,455,0.96,1,0.979591837,24,25,1563
32,55,19,204,1,1,1,19,19,1580
33,583,1,92,0.941176471,1,0.96969697,16,17,1593
34,377,231,190,0.866666667,1,0.928571429,13,15,1622
35,504,558,418,0.944444444,1,0.971428571,17,18,1611
36,124,101,249,1,1,1,18,18,1646
37,117,51,433,0.952380952,1,0.975609756,20,21,1603
38,339,258,603,1,1,1,19,19,1584
39,613,645,3,0.9375,1,0.967741935,15,16,1597
40,518,550,306,1,1,1,10,10,1503
41,236,605,390,1,1,1,13,13,1540
42,149,279,130,0.9375,1,0.967741935,15,16,1653
43,222,327,129,0.956521739,1,0.977777778,22,23,1601
44,597,375,576,1,1,1,20,20,1597
45,430,387,373,1,1,1,23,23,1686
46,412,148,619,0.9,1,0.947368421,18,20,1662
47,539,391,127,0.941176471,1,0.96969697,16,17,1563
48,136,326,641,0.833333333,1,0.909090909,10,12,1603
49,522,161,385,0.954545455,1,0.976744186,21,22,1637
50,552,298,184,0.888888889,1,0.941176471,16,18,1668
51,57,520,449,0.947368421,1,0.972972973,18,19,1556
52,283,77,232,0.944444444,1,0.971428571,17,18,1591
53,334,484,562,1,1,1,14,14,1552
54,93,575,202,0.961538462,1,0.980392157,25,26,1693
55,275,171,102,1,1,1,15,15,1606
56,583,185,58,0.923076923,1,0.96,12,13,1641
57,166,473,163,0.909090909,1,0.952380952,10,11,1596
58,34,294,391,0.866666667,1,0.928571429,13,15,1504
59,574,280,250,0.952380952,1,0.975609756,20,21,1663
60,276,556,434,1,1,1,17,17,1566
61,521,201,161,1,1,1,8,8,1662
62,422,340,80,1,1,1,19,19,1627
63,469,615,413,0.888888889,1,0.941176471,8,9,1603
64,339,556,380,1,1,1,15,15,1536
65,84,590,168,0.928571429,1,0.962962963,13,14,1623
66,172,629,590,0.947368421,1,0.972972973,18,19,1562
67,248,141,43,1,1,1,20,20,1672
68,325,45,403,0.941176471,1,0.96969697,16,17,1683
69,210,325,639,1,1,1,13,13,1629
70,541,106,9,0.916666667,1,0.956521739,11,12,1576
71,414,303,349,0.857142857,1,0.923076923,12,14,1529
72,393,645,584,0.947368421,1,0.972972973,18,19,1609
73,144,111,143,0.944444444,1,0.971428571,17,18,1560
74,119,184,38,1,1,1,21,21,1603
75,438,647,188,1,1,1,13,13,1605
76,505,612,248,0.944444444,1,0.971428571,17,18,1622
77,116,560,75,1,1,1,14,14,1604
78,250,68,305,0.95,1,0.974358974,19,20,1611
79,593,620,421,1,1,1,16,16,1671
80,272,305,590,0.8,1,0.888888889,12,15,1641
81,313,217,623,0.933333333,1,0.965517241,14,15,1548
82,651,128,203,1,1,1,4,4,1678
83,647,278,578,1,1,1,19,19,1589
84,437,603,141,1,1,1,15,15,1589
85,564,519,282,0.894736842,1,0.944444444,17,19,1543
86,638,255,302,0.916666667,1,0.956521739,11,12,1561
87,124,233,604,0.9375,1,0.967741935,15,16,1715
88,209,120,427,1,1,1,28,28,1686
89,537,262,478,1,1,1,17,17,1596
90,461,498,261,1,1,1,12,12,1591
91,15,324,167,1,1,1,11,11,1597
92,383,243,491,0.9375,1,0.967741935,15,16,1602
93,447,488,440,0.842105263,1,0.914285714,16,19,1603
94,450,49,245,1,1,1,17,17,1581
95,472,504,99,0.947368421,1,0.972972973,18,19,1551
96,110,295,52,1,1,1,14,14,1600
97,334,382,509,0.9,1,0.947368421,18,20,1624
98,221,539,346,0.909090909,1,0.952380952,10,11,1602
99,280,19,555,1,1,1,14,14,1669
100,44,222,203,0.916666667,1,0.956521739,22,24,1632
101,124,261,71,0.947368421,1,0.972972973,18,19,1684
102,605,95,559,0.9375,1,0.967741935,15,16,1616
103,494,491,637,0.9,1,0.947368421,9,10,1542
104,639,444,323,1,1,1,10,10,1599
105,591,8,422,1,1,1,12,12,1714
106,644,542,579,0.9375,1,0.967741935,15,16,1636
107,618,315,388,0.941176471,1,0.96969697,16,17,1612
108,569,247,208,1,1,1,21,21,1639
109,408,183,346,1,1,1,18,18,1632
110,375,110,291,0.875,1,0.933333333,7,8,1568
111,162,424,491,1,1,1,17,17,1622
112,477,276,517,1,1,1,15,15,1598
113,310,51,651,1,1,1,7,7,1583
114,217,554,248,0.923076923,1,0.96,12,13,1650
115,558,476,342,1,1,1,17,17,1646
116,576,32,619,1,1,1,12,12,1615
117,320,515,276,0.9375,1,0.967741935,15,16,1633
118,534,103,612,1,1,1,10,10,1649
119,82,572,406,1,1,1,16,16,1593
120,471,105,81,0.947368421,1,0.972972973,18,19,1633
121,450,485,603,0.956521739,1,0.977777778,22,23,1647
122,181,455,423,1,1,1,10,10,1634
123,316,462,79,0.954545455,1,0.976744186,21,22,1668
124,179,20,250,0.954545455,1,0.976744186,21,22,1616
125,243,89,2,0.857142857,1,0.923076923,6,7,1580
126,436,75,52,0.928571429,1,0.962962963,13,14,1599
127,255,23,621,0.866666667,1,0.928571429,13,15,1600
128,558,422,242,1,1,1,23,23,1683
129,44,49,593,0.875,1,0.933333333,14,16,1640
130,245,79,438,1,1,1,12,12,1645
131,562,244,277,0.909090909,1,0.952380952,10,11,1607
132,97,219,643,0.933333333,1,0.965517241,14,15,1632
133,270,406,72,1,1,1,13,13,1597
134,117,192,132,1,1,1,11,11,1562
135,414,198,362,1,1,1,10,10,1639
136,366,434,524,0.95,1,0.974358974,19,20,1628
137,645,627,623,0.9,1,0.947368421,18,20,1605
138,344,317,594,1,1,1,15,15,1674
139,215,18,562,1,1,1,20,20,1648
140,360,450,491,0.962962963,1,0.981132075,26,27,1656
141,141,121,71,0.923076923,1,0.96,12,13,1624
142,515,641,252,0.947368421,1,0.972972973,18,19,1612
143,634,594,647,0.923076923,1,0.96,12,13,1584
144,316,213,633,0.75,1,0.857142857,9,12,1667
145,287,110,1,1,1,1,14,14,1567
146,468,556,565,1,1,1,16,16,1594
147,218,276,466,1,1,1,11,11,1593
148,571,241,261,1,1,1,12,12,1655
149,94,627,459,0.846153846,1,0.916666667,11,13,1605
150,155,366,541,1,1,1,23,23,1573
151,460,393,369,0.95,1,0.974358974,19,20,1608
152,582,199,201,0.947368421,1,0.972972973,18,19,1621
153,357,601,413,1,1,1,19,19,1659
154,580,458,349,1,1,1,7,7,1519
155,141,99,223,0.909090909,1,0.952380952,10,11,1567
156,525,504,176,0.9375,1,0.967741935,15,16,1555
157,397,538,410,0.9375,1,0.967741935,15,16,1656
158,3,630,298,1,1,1,16,16,1677
159,184,523,592,0.882352941,1,0.9375,15,17,1607
160,38,265,60,1,1,1,13,13,1657
161,144,26,440,0.944444444,1,0.971428571,17,18,1547
162,352,96,150,0.941176471,1,0.96969697,16,17,1730
163,227,166,243,1,1,1,21,21,1611
164,137,521,56,1,1,1,13,13,1662
165,340,211,207,1,1,1,15,15,1587
166,2,323,131,1,1,1,18,18,1596
167,619,430,230,0.9375,1,0.967741935,15,16,1636
168,265,410,33,1,1,1,16,16,1636
169,16,163,40,1,1,1,16,16,1659
170,636,42,335,1,1,1,10,10,1561
171,499,312,214,1,1,1,13,13,1647
172,320,98,226,0.846153846,1,0.916666667,11,13,1592
173,265,454,332,0.933333333,1,0.965517241,14,15,1642
174,649,32,90,1,1,1,14,14,1636
175,298,47,590,1,1,1,21,21,1654
176,559,147,293,0.944444444,1,0.971428571,17,18,1677
177,292,7,310,0.8,1,0.888888889,12,15,1606
178,486,377,348,0.923076923,1,0.96,12,13,1556
179,540,349,404,1,1,1,11,11,1500
180,532,347,290,0.913043478,1,0.954545455,21,23,1641
181,4,456,164,0.842105263,1,0.914285714,16,19,1600
182,608,646,381,1,1,1,18,18,1641
183,646,350,26,0.866666667,1,0.928571429,13,15,1601
184,224,306,556,0.956521739,1,0.977777778,22,23,1526
185,84,14,147,1,1,1,16,16,1640
186,99,567,253,0.944444444,1,0.971428571,17,18,1646
187,229,624,607,1,1,1,13,13,1551
188,284,584,481,1,1,1,18,18,1634
189,422,141,387,0.947368421,1,0.972972973,18,19,1625
190,504,213,583,0.9375,1,0.967741935,15,16,1618
191,632,287,260,1,1,1,14,14,1590
192,530,521,455,0.933333333,1,0.965517241,14,15,1636
193,55,224,476,0.952380952,1,0.975609756,20,21,1640
194,257,65,337,1,1,1,17,17,1602
195,78,54,584,1,1,1,19,19,1603
196,236,378,284,0.9375,1,0.967741935,15,16,1612
197,525,551,291,0.958333333,1,0.978723404,23,24,1632
198,180,474,163,0.961538462,1,0.980392157,25,26,1667
199,467,499,329,1,1,1,18,18,1601
200,648,300,481,1,1,1,14,14,1674
201,568,527,593,0.954545455,1,0.976744186,21,22,1679
202,500,96,282,0.913043478,1,0.954545455,21,23,1594
203,405,566,330,1,1,1,15,15,1576
204,437,605,215,0.894736842,1,0.944444444,17,19,1516
205,112,607,377,1,1,1,18,18,1591
206,370,527,347,0.96,1,0.979591837,24,25,1651
207,424,545,61,0.866666667,1,0.928571429,13,15,1512
208,249,457,27,0.941176471,1,0.96969697,16,17,1680
209,340,504,138,0.952380952,1,0.975609756,20,21,1623
210,573,642,104,0.9375,1,0.967741935,15,16,1645
211,304,1,151,1,1,1,7,7,1669
212,59,81,401,0.882352941,1,0.9375,15,17,1592
213,269,537,258,1,1,1,25,25,1543
214,553,146,53,1,1,1,13,13,1598
215,590,29,211,0.833333333,1,0.909090909,20,24,1575
216,318,138,495,1,1,1,20,20,1637
217,397,556,509,1,1,1,17,17,1511
218,524,388,75,1,1,1,13,13,1640
219,519,227,416,0.933333333,1,0.965517241,14,15,1547
220,212,325,155,0.941176471,1,0.96969697,16,17,1623
221,259,554,583,1,1,1,20,20,1620
222,21,439,30,0.954545455,1,0.976744186,21,22,1650
223,586,352,305,0.96,1,0.979591837,24,25,1630
224,305,341,380,1,1,1,18,18,1613
225,513,493,289,1,1,1,16,16,1635
226,554,493,603,0.941176471,1,0.96969697,16,17,1582
227,210,185,583,0.875,1,0.933333333,7,8,1616
228,427,556,405,1,1,1,22,22,1600
229,420,454,564,0.95,1,0.974358974,19,20,1655
230,193,527,646,1,1,1,16,16,1545
231,178,28,255,0.944444444,1,0.971428571,17,18,1611
232,39,321,242,1,1,1,11,11,1704
233,574,582,158,0.882352941,1,0.9375,15,17,1606
234,397,552,503,0.857142857,1,0.923076923,12,14,1576
235,579,537,244,1,1,1,16,16,1655
236,644,285,247,1,1,1,12,12,1620
237,622,112,592,0.941176471,1,0.96969697,16,17,1549
238,23,293,433,0.842105263,1,0.914285714,16,19,1666
239,78,212,368,1,1,1,21,21,1659
240,206,625,294,0.928571429,1,0.962962963,13,14,1627
241,44,158,332,1,1,1,12,12,1588
242,413,128,440,1,1,1,17,17,1591
243,429,394,94,1,1,1,15,15,1633
244,192,335,310,0.818181818,1,0.9,9,11,1541
245,312,62,257,0.944444444,1,0.971428571,17,18,1672
246,567,180,187,0.933333333,1,0.965517241,14,15,1620
247,239,303,536,0.95,1,0.974358974,19,20,1661
248,577,633,391,0.9375,1,0.967741935,15,16,1659
249,553,30,499,0.9,1,0.947368421,9,10,1644
250,441,84,55,1,1,1,13,13,1544
251,482,36,599,0.928571429,1,0.962962963,13,14,1582
252,492,240,509,1,1,1,18,18,1542
253,138,348,323,0.916666667,1,0.956521739,11,12,1558
254,567,368,396,0.916666667,1,0.956521739,11,12,1640
255,577,601,585,0.962962963,1,0.981132075,26,27,1654
256,394,268,558,1,1,1,12,12,1651
257,524,269,612,1,1,1,17,17,1597
258,596,566,329,0.944444444,1,0.971428571,17,18,1578
259,94,379,643,0.9375,1,0.967741935,15,16,1540
260,441,525,563,1,1,1,16,16,1632
261,572,200,2,0.947368421,1,0.972972973,18,19,1623
262,311,539,406,1,1,1,16,16,1625
263,321,271,377,0.875,1,0.933333333,14,16,1646
264,495,254,391,0.956521739,1,0.977777778,22,23,1494
265,274,439,625,0.941176471,1,0.96969697,16,17,1609
266,553,419,78,0.909090909,1,0.952380952,10,11,1709
267,489,6,482,0.9375,1,0.967741935,15,16,1624
268,538,574,440,0.888888889,1,0.941176471,16,18,1603
269,581,290,577,1,1,1,12,12,1564
270,454,94,280,1,1,1,13,13,1642
271,53,453,525,1,1,1,16,16,1589
272,38,339,276,0.96,1,0.979591837,24,25,1613
273,196,543,313,0.933333333,1,0.965517241,14,15,1575
274,221,220,449,0.95,1,0.974358974,19,20,1553
275,327,352,617,1,1,1,18,18,1609
276,426,119,458,1,1,1,14,14,1644
277,61,609,398,0.933333333,1,0.965517241,14,15,1638
278,535,253,517,1,1,1,15,15,1576
279,451,491,300,1,1,1,14,14,1608
280,125,327,326,1,1,1,12,12,1593
281,314,485,596,1,1,1,19,19,1582
282,262,447,340,1,1,1,16,16,1561
283,164,631,226,0.909090909,1,0.952380952,10,11,1583
284,68,563,200,1,1,1,18,18,1684
285,262,377,555,0.909090909,1,0.952380952,10,11,1601
286,367,403,485,0.933333333,1,0.965517241,14,15,1615
287,439,275,331,1,1,1,11,11,1582
288,640,623,399,0.833333333,1,0.909090909,10,12,1530
289,243,543,290,0.9,1,0.947368421,9,10,1557
290,469,550,221,0.933333333,1,0.965517241,14,15,1570
291,607,583,87,0.941176471,1,0.96969697,16,17,1516
292,370,626,453,0.916666667,1,0.956521739,11,12,1668
293,628,279,275,1,1,1,11,11,1605
294,436,341,160,1,1,1,13,13,1549
295,281,209,438,1,1,1,20,20,1630
296,158,462,310,0.909090909,1,0.952380952,20,22,1594
297,396,238,7,0.8,1,0.888888889,8,10,1590
298,55,515,589,1,1,1,7,7,1593
299,75,191,613,0.913043478,1,0.954545455,21,23,1643
300,390,650,372,1,1,1,18,18,1583
301,196,135,73,0.941176471,1,0.96969697,16,17,1561
302,404,395,129,1,1,1,9,9,1588
303,495,291,157,1,1,1,16,16,1513
304,342,566,234,0.928571429,1,0.962962963,13,14,1523
305,23,75,580,0.952380952,1,0.975609756,20,21,1632
306,338,327,524,1,1,1,20,20,1585
307,61,529,173,1,1,1,19,19,1594
308,498,645,364,0.952380952,1,0.975609756,20,21,1618
309,308,359,26,1,1,1,12,12,1603
310,565,165,373,1,1,1,16,16,1694
311,522,327,304,1,1,1,17,17,1608
312,5,606,191,0.928571429,1,0.962962963,13,14,1636
313,414,532,144,1,1,1,15,15,1589
314,360,584,442,0.875,1,0.933333333,14,16,1581
315,533,15,366,0.933333333,1,0.965517241,14,15,1634
316,357,556,198,0.95,1,0.974358974,19,20,1582
317,103,393,208,1,1,1,10,10,1568
318,621,405,552,0.9375,1,0.967741935,15,16,1596
319,301,57,305,0.866666667,1,0.928571429,13,15,1617
320,130,327,3,0.933333333,1,0.965517241,14,15,1563
321,371,103,187,1,1,1,23,23,1585
322,349,431,291,1,1,1,16,16,1637
323,623,450,496,0.875,1,0.933333333,14,16,1636
324,397,303,283,0.888888889,1,0.941176471,16,18,1518
325,96,31,476,0.947368421,1,0.972972973,18,19,1644
326,524,565,49,1,1,1,20,20,1579
327,106,452,144,0.944444444,1,0.971428571,17,18,1587
328,390,525,117,1,1,1,11,11,1595
329,199,379,334,0.947368421,1,0.972972973,18,19,1525
330,337,642,72,0.9,1,0.947368421,18,20,1701
331,141,587,14,0.941176471,1,0.96969697,16,17,1608
332,187,626,450,0.92,1,0.958333333,23,25,1705
333,91,514,318,0.92,1,0.958333333,23,25,1654
334,227,596,230,1,1,1,17,17,1590
335,633,242,227,0.75,1,0.857142857,6,8,1685
336,608,197,318,0.947368421,1,0.972972973,18,19,1645
337,426,301,605,0.944444444,1,0.971428571,17,18,1638
338,97,454,178,0.916666667,1,0.956521739,11,12,1650
339,639,595,162,1,1,1,15,15,1616
340,542,131,486,1,1,1,20,20,1611
341,116,414,462,0.9,1,0.947368421,9,10,1561
342,370,385,225,0.95,1,0.974358974,19,20,1630
343,512,255,412,0.961538462,1,0.980392157,25,26,1590
344,601,631,376,0.941176471,1,0.96969697,16,17,1600
345,525,170,144,1,1,1,12,12,1561
346,304,128,477,0.947368421,1,0.972972973,18,19,1628
347,214,142,413,0.933333333,1,0.965517241,14,15,1638
348,374,258,139,0.933333333,1,0.965517241,14,15,1606
349,608,457,374,1,1,1,17,17,1694
350,201,343,171,0.888888889,1,0.941176471,16,18,1635
351,110,376,290,1,1,1,14,14,1582
352,442,622,235,1,1,1,11,11,1527
353,628,283,564,1,1,1,17,17,1594
354,562,393,275,0.933333333,1,0.965517241,14,15,1651
355,403,602,9,1,1,1,14,14,1607
356,359,158,364,0.818181818,1,0.9,9,11,1524
357,324,509,207,0.894736842,1,0.944444444,17,19,1562
358,133,421,102,0.866666667,1,0.928571429,13,15,1700
359,67,215,14,1,1,1,18,18,1614
360,316,294,128,0.913043478,1,0.954545455,21,23,1602
361,165,387,171,0.888888889,1,0.941176471,16,18,1618
362,401,258,199,1,1,1,13,13,1537
363,165,508,231,0.923076923,1,0.96,12,13,1630
364,251,642,208,1,1,1,22,22,1587
365,381,316,519,0.947368421,1,0.972972973,18,19,1640
366,545,600,171,1,1,1,21,21,1533
367,603,379,480,0.894736842,1,0.944444444,17,19,1647
368,584,337,589,0.923076923,1,0.96,12,13,1614
369,455,341,153,1,1,1,19,19,1548
370,66,370,447,1,1,1,19,19,1578
371,204,289,382,0.9375,1,0.967741935,15,16,1577
372,502,275,77,1,1,1,27,27,1662
373,646,575,632,0.928571429,1,0.962962963,13,14,1586
374,394,263,614,0.958333333,1,0.978723404,23,24,1657
375,269,51,101,0.933333333,1,0.965517241,14,15,1603
376,319,596,477,0.913043478,1,0.954545455,21,23,1588
377,129,588,322,1,1,1,13,13,1641
378,287,476,413,0.947368421,1,0.972972973,18,19,1637
379,643,524,257,0.923076923,1,0.96,12,13,1673
380,38,635,526,0.95,1,0.974358974,19,20,1612
381,110,608,567,1,1,1,11,11,1602
382,596,235,334,1,1,1,16,16,1597
383,169,354,33,0.96,1,0.979591837,24,25,1595
384,342,446,612,1,1,1,14,14,1633
385,495,437,586,1,1,1,23,23,1545
386,551,414,495,1,1,1,10,10,1595
387,124,424,570,1,1,1,18,18,1579
388,452,639,161,0.882352941,1,0.9375,15,17,1592
389,312,405,348,0.944444444,1,0.971428571,17,18,1679
390,361,335,350,1,1,1,10,10,1598
391,503,308,292,1,1,1,19,19,1617
392,587,574,203,0.958333333,1,0.978723404,23,24,1622
393,635,199,82,0.9375,1,0.967741935,15,16,1566
394,489,327,523,0.95,1,0.974358974,19,20,1603
395,436,480,619,1,1,1,20,20,1616
396,19,579,364,0.95,1,0.974358974,19,20,1635
397,557,556,105,0.941176471,1,0.96969697,16,17,1573
398,388,453,151,1,1,1,14,14,1611
399,451,411,448,1,1,1,18,18,1654
400,573,498,492,1,1,1,14,14,1599
401,542,545,365,1,1,1,8,8,1591
402,131,639,89,1,1,1,12,12,1556
403,643,592,228,0.944444444,1,0.971428571,17,18,1619
404,19,66,344,1,1,1,17,17,1642
405,543,444,606,0.941176471,1,0.96969697,16,17,1671
406,302,254,68,1,1,1,19,19,1716
407,201,349,240,1,1,1,15,15,1540
408,414,60,73,1,1,1,11,11,1575
409,582,486,324,0.941176471,1,0.96969697,16,17,1572
410,241,252,473,0.947368421,1,0.972972973,18,19,1585
411,234,304,603,1,1,1,17,17,1632
412,142,387,640,0.961538462,1,0.980392157,25,26,1552
413,637,407,319,0.952380952,1,0.975609756,20,21,1671
414,424,35,324,0.95,1,0.974358974,19,20,1570
415,285,145,205,1,1,1,12,12,1634
416,51,195,571,0.952380952,1,0.975609756,20,21,1616
417,205,311,471,0.8125,1,0.896551724,13,16,1680
418,7,571,159,0.916666667,1,0.956521739,22,24,1634
419,239,454,77,1,1,1,19,19,1610
420,272,50,103,0.909090909,1,0.952380952,20,22,1644
421,484,548,521,0.944444444,1,0.971428571,17,18,1561
422,34,391,596,0.833333333,1,0.909090909,15,18,1539
423,235,501,359,1,1,1,17,17,1623
424,474,81,628,1,1,1,16,16,1599
425,611,182,357,0.95,1,0.974358974,19,20,1692
426,367,553,291,0.944444444,1,0.971428571,17,18,1585
427,389,203,606,1,1,1,14,14,1643
428,266,322,5,1,1,1,15,15,1660
429,609,222,582,0.954545455,1,0.976744186,21,22,1614
430,130,634,39,1,1,1,8,8,1581
431,34,265,442,1,1,1,13,13,1624
432,287,427,381,1,1,1,18,18,1629
433,583,426,457,0.888888889,1,0.941176471,8,9,1587
434,133,175,333,0.947368421,1,0.972972973,18,19,1692
435,163,246,529,1,1,1,19,19,1648
436,373,430,125,0.95,1,0.974358974,19,20,1690
437,152,151,6,1,1,1,13,13,1617
438,469,568,208,1,1,1,18,18,1649
439,138,93,272,1,1,1,23,23,1683
440,552,625,622,0.928571429,1,0.962962963,13,14,1614
441,63,373,567,1,1,1,15,15,1653
442,208,453,293,0.923076923,1,0.96,12,13,1587
443,276,491,58,1,1,1,10,10,1579
444,130,536,208,1,1,1,13,13,1552
445,496,266,407,1,1,1,21,21,1658
446,145,342,224,0.909090909,1,0.952380952,10,11,1641
447,511,78,59,1,1,1,17,17,1684
448,579,416,251,0.947368421,1,0.972972973,18,19,1570
449,204,262,173,1,1,1,14,14,1651
450,212,31,190,1,1,1,18,18,1529
451,142,592,102,1,1,1,11,11,1642
452,529,36,307,1,1,1,13,13,1569
453,153,535,500,1,1,1,28,28,1540
454,581,227,464,0.909090909,1,0.952380952,10,11,1579
455,606,265,633,0.923076923,1,0.96,12,13,1678
456,247,257,91,0.9375,1,0.967741935,15,16,1680
457,46,528,443,1,1,1,9,9,1651
458,423,407,251,1,1,1,21,21,1691
459,614,604,380,0.947368421,1,0.972972973,18,19,1699
460,405,595,124,0.913043478,1,0.954545455,21,23,1660
461,250,427,69,0.954545455,1,0.976744186,21,22,1633
462,50,155,324,0.944444444,1,0.971428571,17,18,1590
463,177,6,624,0.933333333,1,0.965517241,14,15,1585
464,221,113,480,0.923076923,1,0.96,24,26,1512
465,512,380,609,0.857142857,1,0.923076923,12,14,1583
466,396,87,395,1,1,1,11,11,1618
467,349,65,471,1,1,1,13,13,1588
468,445,384,467,0.857142857,1,0.923076923,18,21,1678
469,389,231,29,0.888888889,1,0.941176471,16,18,1646
470,572,112,173,0.944444444,1,0.971428571,17,18,1635
471,210,528,645,1,1,1,18,18,1633
472,175,377,174,0.888888889,1,0.941176471,16,18,1652
473,115,579,152,0.857142857,1,0.923076923,12,14,1621
474,648,515,7,1,1,1,12,12,1624
475,235,338,358,0.954545455,1,0.976744186,21,22,1564
476,415,12,554,1,1,1,15,15,1651
477,42,550,135,0.9375,1,0.967741935,15,16,1560
478,384,356,631,1,1,1,16,16,1641
479,324,299,279,0.941176471,1,0.96969697,16,17,1561
480,479,606,198,1,1,1,14,14,1583
481,546,271,328,1,1,1,16,16,1547
482,389,496,640,0.956521739,1,0.977777778,22,23,1673
483,453,29,600,1,1,1,19,19,1562
484,408,341,407,1,1,1,19,19,1602
485,175,210,102,0.789473684,1,0.882352941,15,19,1708
486,443,78,371,0.866666667,1,0.928571429,13,15,1672
487,201,86,18,0.928571429,1,0.962962963,13,14,1592
488,14,331,110,0.954545455,1,0.976744186,21,22,1576
489,467,47,481,1,1,1,20,20,1665
490,347,27,624,0.933333333,1,0.965517241,14,15,1627
491,515,344,363,0.9375,1,0.967741935,15,16,1568
492,263,294,328,0.916666667,1,0.956521739,11,12,1578
493,418,497,351,0.833333333,1,0.909090909,15,18,1577
494,363,81,351,0.866666667,1,0.928571429,13,15,1608
495,620,376,549,0.952380952,1,0.975609756,20,21,1585
496,185,395,112,0.954545455,1,0.976744186,21,22,1683
497,90,45,335,0.947368421,1,0.972972973,18,19,1605
498,86,115,374,1,1,1,17,17,1622
499,359,576,570,1,1,1,18,18,1598
500,148,339,452,1,1,1,13,13,1612
501,295,304,481,0.894736842,1,0.944444444,17,19,1641
502,425,487,431,0.875,1,0.933333333,14,16,1579
503,302,579,213,0.95,1,0.974358974,19,20,1647
504,89,320,284,0.9375,1,0.967741935,15,16,1615
505,448,571,66,0.941176471,1,0.96969697,16,17,1513
506,396,580,322,1,1,1,16,16,1580
507,329,549,613,0.904761905,1,0.95,19,21,1584
508,301,174,624,0.952380952,1,0.975609756,20,21,1637
509,185,458,534,0.777777778,1,0.875,7,9,1574
510,405,402,480,0.916666667,1,0.956521739,11,12,1590
511,531,568,94,0.954545455,1,0.976744186,21,22,1675
512,109,411,105,0.909090909,1,0.952380952,10,11,1653
513,479,33,590,0.882352941,1,0.9375,15,17,1591
514,375,421,445,1,1,1,11,11,1632
515,573,568,196,0.888888889,1,0.941176471,16,18,1621
516,398,9,238,0.846153846,1,0.916666667,11,13,1615
517,117,76,275,0.882352941,1,0.9375,15,17,1655
518,57,593,170,0.947368421,1,0.972972973,18,19,1567
519,298,149,110,0.944444444,1,0.971428571,17,18,1655
520,375,9,211,0.954545455,1,0.976744186,21,22,1601
521,651,528,534,1,1,1,3,3,1656
522,65,499,106,0.923076923,1,0.96,12,13,1553
523,358,19,604,0.857142857,1,0.923076923,18,21,1665
524,470,585,395,1,1,1,22,22,1675
525,335,501,504,0.95,1,0.974358974,19,20,1548
526,350,392,409,1,1,1,16,16,1576
527,372,504,626,0.961538462,1,0.980392157,25,26,1623
528,79,347,336,1,1,1,12,12,1653
529,541,510,193,1,1,1,17,17,1617
530,238,372,21,0.95,1,0.974358974,19,20,1624
531,378,614,462,0.967741935,1,0.983606557,30,31,1672
532,482,648,22,1,1,1,10,10,1597
533,576,101,105,1,1,1,18,18,1649
534,350,383,542,0.933333333,1,0.965517241,14,15,1572
535,335,571,490,0.818181818,1,0.9,18,22,1647
536,340,449,508,1,1,1,18,18,1545
537,134,385,613,0.941176471,1,0.96969697,16,17,1604
538,564,585,649,0.846153846,1,0.916666667,11,13,1571
539,261,549,408,0.95,1,0.974358974,19,20,1646
540,80,575,127,1,1,1,17,17,1540
541,597,432,430,0.928571429,1,0.962962963,13,14,1589
542,548,396,122,1,1,1,11,11,1619
543,604,535,460,1,1,1,16,16,1697
544,305,81,347,0.928571429,1,0.962962963,13,14,1651
545,584,137,10,0.95,1,0.974358974,19,20,1654
546,111,598,345,0.947368421,1,0.972972973,18,19,1631
547,240,604,620,1,1,1,13,13,1601
548,336,41,328,0.944444444,1,0.971428571,17,18,1560
549,74,240,280,1,1,1,13,13,1619
550,482,454,486,0.952380952,1,0.975609756,20,21,1646
551,170,266,36,0.958333333,1,0.978723404,23,24,1555
552,176,225,139,0.909090909,1,0.952380952,10,11,1664
553,168,586,54,1,1,1,15,15,1575
554,599,37,150,1,1,1,18,18,1643
555,432,9,144,0.714285714,1,0.833333333,10,14,1609
556,82,431,196,1,1,1,16,16,1645
557,143,458,298,0.888888889,1,0.941176471,16,18,1631
558,275,639,98,1,1,1,14,14,1641
559,377,98,156,1,1,1,11,11,1660
560,71,236,554,1,1,1,20,20,1606
561,171,311,248,0.941176471,1,0.96969697,16,17,1606
562,279,182,52,0.933333333,1,0.965517241,14,15,1672
563,163,353,22,0.952380952,1,0.975609756,20,21,1577
564,595,143,633,0.954545455,1,0.976744186,21,22,1619
565,246,308,317,0.923076923,1,0.96,12,13,1618
566,476,452,364,0.869565217,1,0.930232558,20,23,1657
567,642,173,177,0.954545455,1,0.976744186,21,22,1672
568,542,334,106,1,1,1,8,8,1679
569,387,77,521,0.95,1,0.974358974,19,20,1640
570,330,551,336,1,1,1,25,25,1604
571,584,628,526,0.923076923,1,0.96,12,13,1600
572,174,111,558,0.956521739,1,0.977777778,22,23,1679
573,272,157,278,0.95,1,0.974358974,19,20,1639
574,207,357,253,0.894736842,1,0.944444444,17,19,1581
575,381,21,48,1,1,1,18,18,1648
576,240,70,212,1,1,1,19,19,1574
577,560,8,363,1,1,1,16,16,1624
578,178,163,287,0.866666667,1,0.928571429,13,15,1584
579,417,222,614,0.933333333,1,0.965517241,14,15,1673
580,529,401,490,1,1,1,20,20,1599
581,263,353,254,1,1,1,14,14,1637
582,412,228,97,1,1,1,15,15,1735
583,496,266,502,1,1,1,18,18,1689
584,437,545,240,1,1,1,13,13,1504
585,180,394,220,1,1,1,14,14,1609
586,40,157,211,0.857142857,1,0.923076923,12,14,1577
587,241,255,293,0.923076923,1,0.96,12,13,1605
588,233,128,421,0.952380952,1,0.975609756,20,21,1695
589,458,70,585,1,1,1,26,26,1616
590,124,450,26,0.933333333,1,0.965517241,28,30,1695
591,32,605,38,1,1,1,17,17,1555
592,516,459,68,1,1,1,14,14,1578
593,313,498,140,0.928571429,1,0.962962963,13,14,1555
594,564,125,410,0.904761905,1,0.95,19,21,1659
595,349,544,269,0.916666667,1,0.956521739,22,24,1559
596,247,545,269,0.904761905,1,0.95,19,21,1585
597,157,572,392,0.95,1,0.974358974,19,20,1575
598,352,180,583,0.958333333,1,0.978723404,23,24,1612
599,272,599,548,0.944444444,1,0.971428571,17,18,1584
600,500,91,501,0.9,1,0.947368421,18,20,1614
601,278,449,162,0.923076923,1,0.96,24,26,1556
602,186,596,557,0.947368421,1,0.972972973,18,19,1616
603,274,49,494,0.85,1,0.918918919,17,20,1622
604,221,574,243,0.857142857,1,0.923076923,12,14,1631
605,612,230,76,1,1,1,19,19,1641
606,317,499,538,0.85,1,0.918918919,17,20,1647
607,178,67,87,0.956521739,1,0.977777778,22,23,1585
608,193,377,3,1,1,1,17,17,1632
609,545,204,352,1,1,1,13,13,1566
610,516,493,382,1,1,1,17,17,1579
611,431,441,328,1,1,1,8,8,1567
612,128,210,569,0.866666667,1,0.928571429,13,15,1647
613,500,127,188,1,1,1,14,14,1591
614,474,344,20,1,1,1,19,19,1573
615,147,341,641,1,1,1,10,10,1662
616,74,379,112,1,1,1,16,16,1633
617,270,195,24,0.909090909,1,0.952380952,20,22,1587
618,542,171,420,0.941176471,1,0.96969697,16,17,1613
619,630,180,226,0.888888889,1,0.941176471,16,18,1635
620,191,638,133,0.913043478,1,0.954545455,21,23,1663
621,539,322,106,0.928571429,1,0.962962963,13,14,1694
622,259,501,643,1,1,1,13,13,1586
623,402,59,202,1,1,1,15,15,1630
624,585,500,288,0.933333333,1,0.965517241,14,15,1610
625,116,38,571,0.952380952,1,0.975609756,20,21,1636
626,405,130,603,1,1,1,21,21,1591
627,166,76,388,1,1,1,14,14,1632
628,338,288,349,1,1,1,20,20,1530
629,402,351,174,0.947368421,1,0.972972973,18,19,1650
630,564,465,87,0.9375,1,0.967741935,15,16,1642
631,146,202,489,1,1,1,22,22,1654
632,527,128,604,1,1,1,17,17,1697
633,194,490,622,0.944444444,1,0.971428571,17,18,1603
634,302,583,518,0.941176471,1,0.96969697,16,17,1609
635,578,219,314,1,1,1,13,13,1552
636,45,114,584,0.846153846,1,0.916666667,11,13,1571
637,575,545,62,0.933333333,1,0.965517241,14,15,1564
638,82,39,398,0.941176471,1,0.96969697,16,17,1660
639,326,516,316,0.944444444,1,0.971428571,17,18,1618
640,590,551,632,1,1,1,13,13,1630
641,91,388,642,1,1,1,16,16,1652
642,5,325,129,1,1,1,7,7,1621
643,503,602,398,1,1,1,13,13,1640
644,553,285,83,1,1,1,19,19,1625
645,54,609,550,1,1,1,13,13,1571
646,527,381,334,0.9375,1,0.967741935,15,16,1664
647,563,182,288,0.925925926,1,0.961538462,25,27,1698
648,524,245,430,1,1,1,12,12,1621
649,330,510,111,0.9375,1,0.967741935,15,16,1574
650,461,586,381,0.952380952,1,0.975609756,20,21,1685
651,418,165,331,0.933333333,1,0.965517241,14,15,1607
652,577,409,588,0.842105263,1,0.914285714,16,19,1619
653,417,40,317,0.888888889,1,0.941176471,8,9,1651
654,187,91,171,1,1,1,14,14,1676
655,542,563,191,0.866666667,1,0.928571429,13,15,1682
656,573,36,431,0.941176471,1,0.96969697,16,17,1508
657,136,477,370,0.785714286,1,0.88,11,14,1633
658,616,100,549,0.944444444,1,0.971428571,17,18,1599
659,2,13,620,1,1,1,21,21,1583
660,283,126,235,0.952380952,1,0.975609756,20,21,1606
661,561,50,365,0.9375,1,0.967741935,15,16,1583
662,28,403,353,1,1,1,16,16,1573
663,560,411,498,0.928571429,1,0.962962963,13,14,1582
664,285,630,173,0.823529412,1,0.903225806,14,17,1642
665,36,494,243,1,1,1,6,6,1576
666,379,358,28,1,1,1,15,15,1651
667,3,546,16,1,1,1,14,14,1595
668,2,256,411,0.894736842,1,0.944444444,17,19,1627
669,88,460,393,1,1,1,10,10,1609
670,94,81,448,0.909090909,1,0.952380952,20,22,1586
671,97,522,308,1,1,1,22,22,1682
672,369,35,609,0.9375,1,0.967741935,15,16,1639
673,522,370,235,1,1,1,12,12,1702
674,104,188,527,1,1,1,9,9,1613
675,578,129,208,1,1,1,14,14,1584
676,357,33,78,1,1,1,21,21,1652
677,527,546,199,1,1,1,16,16,1637
678,463,228,506,0.913043478,1,0.954545455,21,23,1646
679,490,503,184,1,1,1,17,17,1634
680,39,270,190,1,1,1,14,14,1644
681,4,474,39,1,1,1,16,16,1621
682,319,289,21,0.842105263,1,0.914285714,16,19,1615
683,46,453,622,1,1,1,12,12,1578
684,431,414,36,1,1,1,20,20,1477
685,20,532,320,1,1,1,13,13,1554
686,78,240,227,0.933333333,1,0.965517241,14,15,1614
687,272,556,353,1,1,1,13,13,1518
688,510,338,397,0.947368421,1,0.972972973,18,19,1515
689,556,68,592,1,1,1,8,8,1514
690,611,568,86,0.944444444,1,0.971428571,17,18,1625
691,19,209,346,0.952380952,1,0.975609756,20,21,1644
692,225,548,524,1,1,1,10,10,1528
693,129,91,588,0.904761905,1,0.95,19,21,1655
694,645,527,201,1,1,1,12,12,1644
695,164,556,584,0.875,1,0.933333333,14,16,1581
696,583,476,220,0.916666667,1,0.956521739,11,12,1599
697,547,470,645,0.956521739,1,0.977777778,22,23,1673
698,357,641,273,0.941176471,1,0.96969697,16,17,1604
699,494,642,20,1,1,1,16,16,1638
700,301,346,531,0.916666667,1,0.956521739,11,12,1737
701,284,182,434,0.941176471,1,0.96969697,16,17,1658
702,181,50,101,1,1,1,15,15,1598
703,606,268,578,1,1,1,19,19,1609
704,370,249,92,1,1,1,17,17,1613
705,153,303,344,1,1,1,21,21,1586
706,301,194,493,0.9375,1,0.967741935,15,16,1652
707,314,110,90,1,1,1,14,14,1623
708,309,553,373,1,1,1,18,18,1653
709,122,530,534,1,1,1,11,11,1698
710,23,134,220,0.928571429,1,0.962962963,13,14,1646
711,129,147,182,1,1,1,14,14,1629
712,208,345,328,1,1,1,14,14,1519
713,369,275,650,1,1,1,12,12,1597
714,611,513,45,0.944444444,1,0.971428571,17,18,1659
715,267,410,594,0.866666667,1,0.928571429,13,15,1607
716,251,447,303,1,1,1,17,17,1566
717,21,515,130,0.857142857,1,0.923076923,12,14,1660
718,600,347,11,0.941176471,1,0.96969697,16,17,1650
719,112,257,120,0.935483871,1,0.966666667,29,31,1661
720,240,76,225,1,1,1,10,10,1592
721,575,564,321,1,1,1,14,14,1641
722,588,266,532,1,1,1,15,15,1679
723,485,201,645,0.9375,1,0.967741935,15,16,1609
724,328,473,94,0.857142857,1,0.923076923,12,14,1574
725,299,351,528,0.944444444,1,0.971428571,17,18,1634
726,628,44,211,1,1,1,15,15,1586
727,362,436,347,0.944444444,1,0.971428571,17,18,1603
728,105,637,10,1,1,1,21,21,1616
729,205,582,158,0.9375,1,0.967741935,15,16,1658
730,239,306,499,1,1,1,12,12,1608
731,122,222,646,1,1,1,17,17,1599
732,464,617,491,0.95,1,0.974358974,19,20,1624
733,375,45,347,1,1,1,14,14,1642
734,94,446,467,0.933333333,1,0.965517241,14,15,1617
735,576,345,588,0.8125,1,0.896551724,13,16,1680
736,644,480,434,0.8,1,0.888888889,8,10,1642
737,447,434,463,1,1,1,14,14,1616
738,613,83,458,0.933333333,1,0.965517241,14,15,1540
739,160,280,105,1,1,1,15,15,1575
740,232,586,309,1,1,1,19,19,1590
741,318,532,450,1,1,1,18,18,1667
742,521,490,167,1,1,1,15,15,1582
743,502,383,211,0.909090909,1,0.952380952,10,11,1658
744,416,122,330,1,1,1,24,24,1630
745,638,413,477,1,1,1,15,15,1587
746,576,172,178,0.928571429,1,0.962962963,13,14,1625
747,339,495,397,1,1,1,11,11,1580
748,328,629,261,1,1,1,14,14,1571
749,238,479,474,0.888888889,1,0.941176471,16,18,1602
750,204,561,236,0.947368421,1,0.972972973,18,19,1542
751,442,607,629,0.95,1,0.974358974,19,20,1625
752,145,92,636,0.875,1,0.933333333,14,16,1605
753,380,640,177,0.9375,1,0.967741935,15,16,1600
754,410,90,363,0.88,1,0.936170213,22,25,1658
755,393,335,366,0.857142857,1,0.923076923,12,14,1573
756,115,346,488,1,1,1,17,17,1629
757,235,26,575,1,1,1,19,19,1661
758,447,440,93,0.842105263,1,0.914285714,16,19,1619
759,467,308,152,0.9375,1,0.967741935,15,16,1655
760,97,333,22,1,1,1,11,11,1642
761,172,641,361,1,1,1,9,9,1628
762,86,60,441,1,1,1,20,20,1590
763,593,335,569,0.944444444,1,0.971428571,17,18,1613
764,514,465,266,1,1,1,10,10,1624
765,191,473,342,0.95,1,0.974358974,19,20,1672
766,504,125,217,0.956521739,1,0.977777778,22,23,1581
767,572,316,20,0.928571429,1,0.962962963,13,14,1615
768,181,583,570,0.944444444,1,0.971428571,17,18,1511
769,226,58,451,0.892857143,1,0.943396226,25,28,1664
770,578,188,424,1,1,1,14,14,1545
771,582,646,535,0.9375,1,0.967741935,15,16,1575
772,377,585,343,1,1,1,16,16,1621
773,250,457,203,0.956521739,1,0.977777778,22,23,1600
774,252,410,316,1,1,1,18,18,1649
775,469,117,561,1,1,1,15,15,1561
776,23,163,67,0.904761905,1,0.95,19,21,1633
777,50,549,412,1,1,1,21,21,1638
778,499,474,413,1,1,1,15,15,1655
779,596,618,639,1,1,1,26,26,1633
780,195,599,20,1,1,1,15,15,1566
781,482,609,582,0.947368421,1,0.972972973,18,19,1656
782,378,638,576,0.947368421,1,0.972972973,18,19,1604
783,613,14,638,0.866666667,1,0.928571429,13,15,1575
784,262,175,94,0.8,1,0.888888889,8,10,1611
785,308,491,461,0.9375,1,0.967741935,15,16,1623
786,569,572,302,0.944444444,1,0.971428571,17,18,1662
787,233,63,36,1,1,1,14,14,1506
788,607,322,131,1,1,1,18,18,1627
789,282,305,277,1,1,1,15,15,1570
790,530,548,472,0.931034483,1,0.964285714,27,29,1632
791,544,547,608,1,1,1,16,16,1589
792,92,393,434,0.941176471,1,0.96969697,16,17,1672
793,500,482,435,1,1,1,14,14,1660
794,431,359,275,1,1,1,20,20,1624
795,146,549,22,1,1,1,15,15,1612
796,290,29,577,1,1,1,12,12,1579
797,398,321,399,1,1,1,19,19,1544
798,254,427,291,0.944444444,1,0.971428571,17,18,1641
799,152,309,534,1,1,1,15,15,1548
800,191,365,77,0.904761905,1,0.95,19,21,1657
801,213,220,277,0.95,1,0.974358974,19,20,1617
802,507,498,349,0.928571429,1,0.962962963,13,14,1604
803,102,255,70,0.928571429,1,0.962962963,13,14,1694
804,351,536,566,0.954545455,1,0.976744186,21,22,1582
805,645,33,553,0.947368421,1,0.972972973,18,19,1621
806,284,139,534,0.866666667,1,0.928571429,13,15,1623
807,645,640,246,1,1,1,17,17,1636
808,154,228,143,0.9375,1,0.967741935,15,16,1686
809,199,329,240,1,1,1,9,9,1546
810,324,242,490,0.888888889,1,0.941176471,24,27,1575
811,177,490,328,0.928571429,1,0.962962963,13,14,1558
812,558,451,149,0.947368421,1,0.972972973,18,19,1684
813,59,215,548,0.9375,1,0.967741935,15,16,1570
814,112,71,62,0.952380952,1,0.975609756,20,21,1614
815,377,160,516,0.947368421,1,0.972972973,18,19,1535
816,205,498,329,1,1,1,15,15,1694
817,188,522,395,0.923076923,1,0.96,12,13,1705
818,21,625,338,0.928571429,1,0.962962963,13,14,1562
819,33,289,570,0.95,1,0.974358974,19,20,1610
820,136,437,527,0.846153846,1,0.916666667,11,13,1576
821,437,322,339,1,1,1,9,9,1551
822,456,117,206,0.944444444,1,0.971428571,17,18,1633
823,370,557,262,1,1,1,10,10,1695
824,614,404,3,0.947368421,1,0.972972973,18,19,1539
825,644,427,525,1,1,1,15,15,1662
826,242,246,423,0.928571429,1,0.962962963,13,14,1707
827,505,5,262,0.842105263,1,0.914285714,16,19,1653
828,433,121,574,0.923076923,1,0.96,12,13,1698
829,127,77,133,0.888888889,1,0.941176471,16,18,1618
830,202,424,31,1,1,1,11,11,1608
831,278,432,315,0.833333333,1,0.909090909,15,18,1617
832,482,27,567,0.8,1,0.888888889,4,5,1631
833,453,205,171,0.833333333,1,0.909090909,15,18,1635
834,351,592,200,1,1,1,17,17,1653
835,135,549,458,1,1,1,23,23,1565
836,113,103,498,0.928571429,1,0.962962963,13,14,1608
837,184,180,509,1,1,1,12,12,1613
838,544,431,548,0.95,1,0.974358974,19,20,1547
839,541,243,215,1,1,1,12,12,1655
840,256,41,514,0.9375,1,0.967741935,15,16,1564
841,85,512,67,1,1,1,13,13,1574
842,649,250,544,1,1,1,14,14,1611
843,270,28,640,1,1,1,20,20,1594
844,485,461,218,1,1,1,15,15,1564
845,374,163,67,1,1,1,19,19,1614
846,533,236,540,1,1,1,13,13,1566
847,452,231,255,0.909090909,1,0.952380952,10,11,1582
848,632,486,147,0.933333333,1,0.965517241,14,15,1634
849,599,312,631,0.941176471,1,0.96969697,16,17,1621
850,78,402,405,0.9375,1,0.967741935,15,16,1677
851,508,338,218,1,1,1,24,24,1550
852,224,632,531,1,1,1,13,13,1635
853,119,275,537,1,1,1,14,14,1626
854,525,547,133,1,1,1,18,18,1601
855,576,426,256,1,1,1,14,14,1658
856,573,156,76,1,1,1,15,15,1593
857,128,363,644,0.894736842,1,0.944444444,17,19,1636
858,169,476,409,0.923076923,1,0.96,12,13,1623
859,396,371,641,0.875,1,0.933333333,7,8,1621
860,601,60,23,0.933333333,1,0.965517241,14,15,1679
861,555,622,85,0.947368421,1,0.972972973,18,19,1602
862,13,577,80,0.933333333,1,0.965517241,14,15,1573
863,425,108,462,1,1,1,13,13,1632
864,394,540,75,1,1,1,15,15,1589
865,386,151,283,1,1,1,11,11,1605
866,277,293,589,1,1,1,17,17,1563
867,271,576,32,0.947368421,1,0.972972973,18,19,1612
868,206,548,94,1,1,1,20,20,1585
869,543,540,335,1,1,1,12,12,1519
870,157,35,106,0.923076923,1,0.96,12,13,1610
871,207,514,119,1,1,1,19,19,1594
872,90,473,404,0.8125,1,0.896551724,13,16,1523
873,396,302,623,1,1,1,10,10,1603
874,342,105,305,0.954545455,1,0.976744186,21,22,1655
875,488,275,343,1,1,1,15,15,1582
876,509,318,266,1,1,1,8,8,1640
877,8,390,106,1,1,1,21,21,1636
878,539,449,500,1,1,1,21,21,1564
879,352,199,560,0.952380952,1,0.975609756,20,21,1563
880,63,147,6,0.9375,1,0.967741935,15,16,1571
881,498,631,139,0.8125,1,0.896551724,13,16,1673
882,614,579,483,1,1,1,18,18,1617
883,472,558,145,1,1,1,10,10,1644
884,314,95,615,1,1,1,10,10,1560
885,610,494,75,1,1,1,14,14,1619
886,548,194,37,1,1,1,16,16,1557
887,96,348,558,0.941176471,1,0.96969697,16,17,1680
888,294,511,173,1,1,1,12,12,1643
889,231,496,34,0.928571429,1,0.962962963,13,14,1632
890,408,568,504,0.941176471,1,0.96969697,16,17,1591
891,73,96,550,1,1,1,14,14,1655
892,124,601,372,0.947368421,1,0.972972973,18,19,1699
893,33,525,48,0.875,1,0.933333333,14,16,1611
894,417,507,221,0.857142857,1,0.923076923,18,21,1605
895,310,471,497,0.933333333,1,0.965517241,14,15,1626
896,57,114,79,1,1,1,16,16,1608
897,540,26,257,0.956521739,1,0.977777778,22,23,1633
898,285,243,255,0.857142857,1,0.923076923,12,14,1565
899,551,120,300,1,1,1,25,25,1665
900,167,430,153,0.952380952,1,0.975609756,20,21,1579
901,354,602,344,1,1,1,19,19,1575
902,96,412,427,0.958333333,1,0.978723404,23,24,1687
903,345,75,347,0.933333333,1,0.965517241,14,15,1598
904,145,73,449,0.954545455,1,0.976744186,21,22,1615
905,488,82,196,0.777777778,1,0.875,7,9,1630
906,67,550,601,1,1,1,11,11,1625
907,355,440,12,1,1,1,18,18,1647
908,473,54,401,1,1,1,22,22,1502
909,281,568,174,1,1,1,21,21,1639
910,485,44,256,1,1,1,15,15,1624
911,22,101,23,1,1,1,14,14,1641
912,479,141,38,0.941176471,1,0.96969697,16,17,1572
913,227,106,217,1,1,1,17,17,1624
914,199,440,92,1,1,1,8,8,1517
915,76,599,552,0.947368421,1,0.972972973,18,19,1588
916,144,555,322,0.928571429,1,0.962962963,13,14,1559
917,573,282,367,0.8125,1,0.896551724,13,16,1610
918,630,488,328,0.916666667,1,0.956521739,11,12,1584
919,253,274,252,0.933333333,1,0.965517241,14,15,1585
920,623,338,541,0.952380952,1,0.975609756,20,21,1564
921,554,614,483,0.941176471,1,0.96969697,16,17,1578
922,165,402,435,0.8,1,0.888888889,8,10,1660
923,300,319,569,1,1,1,10,10,1620
924,287,228,170,1,1,1,8,8,1641
925,271,397,175,0.833333333,1,0.909090909,10,12,1571
926,311,308,351,1,1,1,13,13,1641
927,611,639,296,1,1,1,14,14,1597
928,195,75,53,1,1,1,19,19,1603
929,340,320,422,0.888888889,1,0.941176471,16,18,1643
930,131,373,40,0.9375,1,0.967741935,15,16,1731
931,407,386,555,0.941176471,1,0.96969697,16,17,1594
932,611,406,592,0.888888889,1,0.941176471,8,9,1585
933,492,69,571,1,1,1,15,15,1687
934,531,295,291,0.888888889,1,0.941176471,8,9,1676
935,624,54,176,0.956521739,1,0.977777778,22,23,1578
936,161,292,636,0.947368421,1,0.972972973,18,19,1554
937,518,25,235,1,1,1,20,20,1588
938,611,221,322,0.882352941,1,0.9375,15,17,1599
939,242,175,642,1,1,1,21,21,1666
940,129,178,119,0.913043478,1,0.954545455,21,23,1627
941,527,483,294,0.941176471,1,0.96969697,16,17,1568
942,226,411,97,0.894736842,1,0.944444444,17,19,1666
943,471,172,433,1,1,1,20,20,1653
944,482,542,562,0.9375,1,0.967741935,15,16,1604
945,369,617,320,0.928571429,1,0.962962963,13,14,1614
946,240,187,495,0.933333333,1,0.965517241,14,15,1588
947,502,584,38,1,1,1,14,14,1622
948,397,410,573,1,1,1,22,22,1591
949,309,175,499,0.933333333,1,0.965517241,14,15,1602
950,623,421,561,0.8,1,0.888888889,12,15,1622
951,420,207,285,1,1,1,21,21,1509
952,355,404,321,0.833333333,1,0.909090909,10,12,1516
953,179,502,35,0.888888889,1,0.941176471,8,9,1676
954,36,74,150,1,1,1,15,15,1594
955,150,271,331,0.95,1,0.974358974,19,20,1560
956,495,603,345,0.913043478,1,0.954545455,21,23,1592
957,74,217,75,1,1,1,15,15,1628
958,31,636,449,1,1,1,14,14,1621
959,267,77,280,0.941176471,1,0.96969697,16,17,1645
960,42,258,549,1,1,1,22,22,1557
961,220,571,374,0.933333333,1,0.965517241,14,15,1648
962,33,264,92,0.9375,1,0.967741935,15,16,1612
963,531,47,114,0.863636364,1,0.926829268,19,22,1667
964,410,596,338,1,1,1,15,15,1563
965,90,124,324,0.933333333,1,0.965517241,14,15,1618
966,253,585,446,0.75,1,0.857142857,9,12,1573
967,132,221,543,0.941176471,1,0.96969697,16,17,1600
968,430,107,570,1,1,1,17,17,1498
969,462,240,546,1,1,1,18,18,1620
970,568,600,234,1,1,1,19,19,1641
971,308,567,560,1,1,1,17,17,1578
972,519,590,168,0.9375,1,0.967741935,15,16,1551
973,419,633,249,1,1,1,10,10,1658
974,400,610,416,1,1,1,17,17,1539
975,11,144,587,0.8125,1,0.896551724,13,16,1564
976,364,290,67,0.95,1,0.974358974,19,20,1555
977,288,145,503,0.916666667,1,0.956521739,11,12,1625
978,387,585,274,1,1,1,21,21,1586
979,115,228,278,0.9375,1,0.967741935,15,16,1688
980,370,349,536,1,1,1,15,15,1628
981,159,337,631,0.954545455,1,0.976744186,21,22,1647
982,200,603,26,0.916666667,1,0.956521739,22,24,1624
983,34,354,63,1,1,1,18,18,1499
984,260,582,193,1,1,1,18,18,1591
985,475,307,614,1,1,1,13,13,1632
986,180,313,127,1,1,1,15,15,1531
987,6,527,368,1,1,1,18,18,1673
988,536,474,354,1,1,1,16,16,1570
989,468,159,488,0.9375,1,0.967741935,15,16,1592
990,637,564,32,1,1,1,17,17,1619
991,265,387,618,1,1,1,19,19,1663
992,128,300,209,1,1,1,14,14,1640
993,72,406,533,1,1,1,15,15,1640
994,4,200,316,0.95,1,0.974358974,19,20,1648
995,631,334,602,1,1,1,12,12,1678
996,547,348,414,1,1,1,17,17,1587
997,540,26,257,0.956521739,1,0.977777778,22,23,1633
998,267,410,594,0.866666667,1,0.928571429,13,15,1607
999,619,430,230,0.9375,1,0.967741935,15,16,1636
