,User 0,User 1,User 2,User 3,User 4,precisionG,recallG,fscoreG,T,C,Quantity,,,,
0,161,32,74,409,547,0,0,0,0,0,656,,,,
1,180,140,26,152,336,0,0,0,0,0,911,,,,
2,64,146,159,452,627,1,1,1,3,3,1210,,,,
3,584,12,114,65,216,0,0,0,0,0,680,,,,
4,280,379,419,333,256,0,0,0,0,0,754,,,,0.98312578
5,32,357,558,325,94,0,0,0,0,0,555,,,,
6,94,494,152,352,408,1,1,1,2,2,986,,,0.400606359,
7,417,347,596,266,296,1,1,1,2,2,986,,,,
8,546,419,295,423,623,0.666666667,1,0.8,2,3,821,,,,
9,369,110,108,380,267,1,1,1,2,2,504,,,,
10,180,376,497,296,25,1,1,1,2,2,736,,,,
11,61,211,102,378,175,0,0,0,0,0,1111,,,,
12,380,220,545,335,627,0,0,0,0,0,759,,,,
13,135,284,495,149,467,0,0,0,0,0,779,,,,
14,336,200,7,328,47,1,1,1,2,2,642,,,,
15,40,352,322,174,346,0,0,0,0,0,985,,,,
16,134,202,85,67,114,0,0,0,0,0,880,,,,
17,338,412,130,101,643,0,0,0,0,0,652,,,,
18,24,377,229,352,301,1,1,1,2,2,887,,,,
19,78,467,646,109,566,0,0,0,0,0,809,,,,
20,112,551,415,466,10,0,0,0,0,0,576,,,,
21,296,430,499,107,109,1,1,1,4,4,801,,,,
22,173,357,106,613,36,0,0,0,0,0,846,,,,
23,296,162,93,431,178,0,0,0,0,0,733,,,,
24,25,182,590,33,287,0,0,0,0,0,1136,,,,
25,51,371,553,498,451,1,1,1,3,3,810,,,,
26,278,472,428,168,425,0,0,0,0,0,716,,,,
27,171,384,603,17,566,0,0,0,0,0,882,,,,
28,263,519,51,285,326,0.666666667,1,0.8,2,3,790,,,,
29,237,573,531,321,542,0,0,0,0,0,785,,,,
30,108,17,176,13,80,0,0,0,0,0,746,,,,
31,305,42,342,92,3,1,1,1,2,2,868,,,,
32,115,156,474,630,544,0,0,0,0,0,561,,,,
33,558,92,152,469,275,1,1,1,2,2,975,,,,
34,350,314,641,243,329,0,0,0,0,0,825,,,,
35,630,123,42,555,624,1,1,1,3,3,812,,,,
36,601,268,304,489,395,0,0,0,0,0,1017,,,,
37,133,219,176,365,402,0,0,0,0,0,432,,,,
38,454,82,369,466,282,0,0,0,0,0,548,,,,
39,616,602,527,134,334,1,1,1,3,3,966,,,,
40,311,429,546,74,197,0,0,0,0,0,715,,,,
41,109,512,54,433,585,0.666666667,1,0.8,2,3,729,,,,
42,535,565,222,176,229,0,0,0,0,0,813,,,,
43,449,628,594,255,586,0,0,0,0,0,875,,,,
44,383,596,230,271,266,0,0,0,0,0,835,,,,
45,122,553,564,2,3,0,0,0,0,0,664,,,,
46,111,223,134,148,204,0,0,0,0,0,817,,,,
47,382,30,579,560,50,0,0,0,0,0,610,,,,
48,27,514,260,98,212,1,1,1,2,2,877,,,,
49,616,244,333,390,549,0,0,0,0,0,629,,,,
50,168,156,553,353,102,0,0,0,0,0,1010,,,,
51,194,352,399,356,626,0,0,0,0,0,1064,,,,
52,499,473,241,542,329,0,0,0,0,0,828,,,,
53,625,474,118,47,593,0,0,0,0,0,1034,,,,
54,350,502,573,141,448,1,1,1,3,3,824,,,,
55,388,175,232,302,481,0,0,0,0,0,478,,,,
56,393,278,488,272,554,0,0,0,0,0,945,,,,
57,621,499,608,309,100,0,0,0,0,0,745,,,,
58,58,181,48,398,47,0,0,0,0,0,835,,,,
59,404,137,402,500,623,0,0,0,0,0,655,,,,
60,218,502,205,132,133,1,1,1,2,2,625,,,,
61,169,401,43,489,349,0,0,0,0,0,476,,,,
62,178,516,284,173,538,0,0,0,0,0,842,,,,
63,508,389,373,431,118,0.666666667,1,0.8,2,3,1047,,,,
64,616,489,254,274,395,1,1,1,2,2,721,,,,
65,647,272,14,124,484,1,1,1,2,2,1151,,,,
66,544,589,254,266,204,0,0,0,0,0,863,,,,
67,93,502,125,39,487,1,1,1,2,2,626,,,,
68,199,607,304,555,94,1,1,1,5,5,740,,,,
69,466,363,45,146,179,1,1,1,2,2,763,,,,
70,22,57,394,175,167,1,1,1,2,2,901,,,,
71,571,559,611,488,531,0,0,0,0,0,526,,,,
72,413,208,519,459,358,0,0,0,0,0,1098,,,,
73,590,641,223,409,580,0,0,0,0,0,382,,,,
74,535,362,309,261,13,1,1,1,4,4,1024,,,,
75,87,521,60,407,573,1,1,1,2,2,1120,,,,
76,168,636,611,519,204,0,0,0,0,0,601,,,,
77,44,519,579,186,39,0,0,0,0,0,947,,,,
78,529,638,290,632,266,1,1,1,3,3,915,,,,
79,630,528,454,276,165,1,1,1,3,3,795,,,,
80,533,137,24,121,292,1,1,1,2,2,651,,,,
81,492,568,415,530,540,1,1,1,4,4,753,,,,
82,360,66,534,336,404,1,1,1,2,2,717,,,,
83,405,614,423,146,631,0,0,0,0,0,792,,,,
84,585,308,226,279,513,0,0,0,0,0,803,,,,
85,528,429,58,267,127,0,0,0,0,0,919,,,,
86,393,335,629,578,585,0,0,0,0,0,729,,,,
87,183,597,486,361,514,0,0,0,0,0,350,,,,
88,109,413,515,22,486,0,0,0,0,0,615,,,,
89,42,6,562,649,591,1,1,1,4,4,889,,,,
90,318,22,440,525,235,0,0,0,0,0,926,,,,
91,269,598,253,150,159,0,0,0,0,0,821,,,,
92,633,486,579,610,58,1,1,1,2,2,806,,,,
93,600,245,72,122,112,1,1,1,3,3,915,,,,
94,288,582,301,500,182,0,0,0,0,0,952,,,,
95,379,73,186,247,170,0,0,0,0,0,731,,,,
96,198,541,4,86,13,0,0,0,0,0,619,,,,
97,166,638,109,296,563,0,0,0,0,0,872,,,,
98,147,422,647,130,413,1,1,1,5,5,1002,,,,
99,324,372,2,135,609,0,0,0,0,0,637,,,,
100,57,459,277,313,429,0,0,0,0,0,742,,,,
101,278,78,609,512,578,0,0,0,0,0,924,,,,
102,260,610,80,574,598,1,1,1,2,2,793,,,,
103,357,158,544,258,375,0,0,0,0,0,871,,,,
104,548,36,327,496,166,1,1,1,2,2,1059,,,,
105,288,600,416,456,609,1,1,1,2,2,823,,,,
106,608,145,351,120,453,1,1,1,4,4,841,,,,
107,476,531,295,558,147,0,0,0,0,0,715,,,,
108,560,609,480,598,157,0,0,0,0,0,840,,,,
109,163,462,57,222,613,0,0,0,0,0,746,,,,
110,149,396,629,339,155,1,1,1,2,2,855,,,,
111,338,519,122,323,158,0,0,0,0,0,475,,,,
112,519,572,442,453,35,1,1,1,5,5,1033,,,,
113,543,276,373,495,289,0,0,0,0,0,705,,,,
114,75,305,201,321,253,1,1,1,3,3,931,,,,
115,204,531,431,463,308,0,0,0,0,0,990,,,,
116,146,363,162,626,36,0,0,0,0,0,839,,,,
117,41,493,515,627,13,0,0,0,0,0,667,,,,
118,140,40,131,127,136,0,0,0,0,0,763,,,,
119,288,84,644,218,174,1,1,1,2,2,598,,,,
120,644,591,36,251,565,1,1,1,3,3,564,,,,
121,160,437,563,28,449,0,0,0,0,0,709,,,,
122,139,542,447,570,366,0,0,0,0,0,655,,,,
123,431,499,156,333,141,1,1,1,3,3,843,,,,
124,250,36,12,266,112,0,0,0,0,0,808,,,,
125,145,522,630,34,214,0,0,0,0,0,585,,,,
126,514,532,232,63,214,0,0,0,0,0,510,,,,
127,475,453,81,265,168,0,0,0,0,0,1090,,,,
128,26,246,272,454,166,0,0,0,0,0,1123,,,,
129,287,424,234,523,23,1,1,1,3,3,783,,,,
130,267,197,168,617,184,1,1,1,2,2,598,,,,
131,348,104,193,526,508,1,1,1,2,2,1144,,,,
132,526,465,264,129,378,0.666666667,1,0.8,2,3,764,,,,
133,265,27,275,94,538,0,0,0,0,0,1190,,,,
134,594,44,268,244,272,1,1,1,3,3,905,,,,
135,242,207,71,487,558,0,0,0,0,0,1109,,,,
136,198,98,486,249,72,0,0,0,0,0,700,,,,
137,9,628,55,33,302,1,1,1,3,3,712,,,,
138,388,593,457,526,354,0,0,0,0,0,523,,,,
139,563,292,84,133,378,0,0,0,0,0,628,,,,
140,9,372,150,54,447,1,1,1,2,2,836,,,,
141,325,124,371,84,594,0,0,0,0,0,524,,,,
142,78,250,308,255,244,0,0,0,0,0,710,,,,
143,73,71,633,597,18,0,0,0,0,0,762,,,,
144,371,533,21,129,145,1,1,1,4,4,827,,,,
145,86,38,323,260,200,0,0,0,0,0,825,,,,
146,483,513,603,572,422,0,0,0,0,0,784,,,,
147,218,217,578,312,565,1,1,1,2,2,510,,,,
148,27,224,554,17,233,1,1,1,3,3,896,,,,
149,463,493,234,525,605,1,1,1,6,6,907,,,,
150,9,591,53,79,146,0,0,0,0,0,413,,,,
151,525,111,21,325,331,0,0,0,0,0,564,,,,
152,192,548,439,201,198,0,0,0,0,0,674,,,,
153,17,551,545,413,295,0,0,0,0,0,647,,,,
154,144,103,282,187,389,0,0,0,0,0,668,,,,
155,154,422,73,4,372,0,0,0,0,0,826,,,,
156,33,533,568,145,630,0,0,0,0,0,518,,,,
157,70,525,499,438,280,0,0,0,0,0,534,,,,
158,91,189,68,373,592,0,0,0,0,0,621,,,,
159,52,316,303,441,449,1,1,1,2,2,933,,,,
160,211,294,161,180,26,0,0,0,0,0,990,,,,
161,243,42,172,123,439,0,0,0,0,0,863,,,,
162,464,490,93,384,14,1,1,1,3,3,527,,,,
163,14,309,405,589,461,1,1,1,2,2,729,,,,
164,97,21,435,342,284,0,0,0,0,0,862,,,,
165,477,431,185,1,12,1,1,1,2,2,626,,,,
166,367,483,522,500,427,1,1,1,2,2,747,,,,
167,261,190,474,349,426,1,1,1,2,2,1141,,,,
168,198,461,9,100,438,0,0,0,0,0,915,,,,
169,103,76,565,395,364,0,0,0,0,0,597,,,,
170,312,86,373,630,180,0,0,0,0,0,593,,,,
171,127,96,51,586,305,0,0,0,0,0,560,,,,
172,533,291,407,173,221,0,0,0,0,0,793,,,,
173,532,139,448,44,53,0,0,0,0,0,1046,,,,
174,523,12,298,638,28,1,1,1,3,3,813,,,,
175,172,473,67,282,591,0,0,0,0,0,946,,,,
176,314,138,231,109,306,0,0,0,0,0,760,,,,
177,447,567,206,517,586,0,0,0,0,0,675,,,,
178,196,266,296,113,590,0,0,0,0,0,905,,,,
179,84,600,548,307,120,1,1,1,2,2,909,,,,
180,118,438,332,307,52,0,0,0,0,0,894,,,,
181,32,297,207,590,548,0,0,0,0,0,864,,,,
182,408,289,113,359,173,1,1,1,2,2,953,,,,
183,344,102,256,636,149,0,0,0,0,0,829,,,,
184,62,620,76,561,133,0,0,0,0,0,1005,,,,
185,363,332,273,466,219,1,1,1,3,3,1147,,,,
186,549,602,647,133,171,1,1,1,4,4,764,,,,
187,249,193,608,548,588,1,1,1,2,2,714,,,,
188,314,563,525,500,102,0,0,0,0,0,819,,,,
189,73,229,252,226,47,1,1,1,3,3,904,,,,
190,178,438,192,418,368,1,1,1,3,3,960,,,,
191,511,47,417,102,262,0,0,0,0,0,960,,,,
192,371,325,631,365,426,0,0,0,0,0,449,,,,
193,128,57,89,163,140,1,1,1,3,3,651,,,,
194,389,206,187,3,179,0,0,0,0,0,661,,,,
195,463,39,303,357,144,0,0,0,0,0,601,,,,
196,152,332,350,547,305,0,0,0,0,0,936,,,,
197,447,233,572,159,525,0,0,0,0,0,601,,,,
198,441,238,103,411,197,0,0,0,0,0,1043,,,,
199,113,451,475,77,38,1,1,1,3,3,1057,,,,
200,528,96,216,355,447,0,0,0,0,0,831,,,,
201,280,632,432,104,572,0,0,0,0,0,583,,,,
202,169,542,627,238,280,1,1,1,3,3,901,,,,
203,289,183,137,480,193,0,0,0,0,0,291,,,,
204,651,47,70,77,33,1,1,1,2,2,814,,,,
205,368,621,433,29,391,0,0,0,0,0,958,,,,
206,350,431,487,247,568,0,0,0,0,0,703,,,,
207,86,455,421,27,262,1,1,1,2,2,907,,,,
208,624,432,390,137,49,1,1,1,2,2,869,,,,
209,329,222,523,207,533,0.857142857,1,0.923076923,6,7,1230,,,,
210,430,308,647,482,259,1,1,1,3,3,779,,,,
211,245,605,434,224,28,0,0,0,0,0,914,,,,
212,270,198,134,290,447,0,0,0,0,0,814,,,,
213,45,198,89,596,66,1,1,1,3,3,753,,,,
214,217,288,279,416,11,0,0,0,0,0,547,,,,
215,647,399,122,400,361,1,1,1,3,3,851,,,,
216,484,54,470,558,79,0,0,0,0,0,687,,,,
217,631,246,312,59,488,1,1,1,3,3,635,,,,
218,176,212,408,103,445,0,0,0,0,0,502,,,,
219,626,272,144,119,432,1,1,1,5,5,751,,,,
220,370,572,544,141,449,0,0,0,0,0,803,,,,
221,70,322,454,555,13,0,0,0,0,0,385,,,,
222,221,180,351,80,107,1,1,1,2,2,744,,,,
223,521,360,461,309,224,0,0,0,0,0,772,,,,
224,378,527,354,360,90,0,0,0,0,0,748,,,,
225,322,198,17,129,98,0,0,0,0,0,702,,,,
226,162,65,38,292,141,1,1,1,3,3,909,,,,
227,204,255,298,306,256,0,0,0,0,0,425,,,,
228,21,306,142,57,139,0,0,0,0,0,719,,,,
229,23,587,628,462,212,1,1,1,3,3,1009,,,,
230,397,252,416,41,423,1,1,1,4,4,906,,,,
231,577,565,178,30,570,0,0,0,0,0,743,,,,
232,328,453,631,269,521,0,0,0,0,0,860,,,,
233,492,240,150,511,221,1,1,1,2,2,948,,,,
234,242,448,456,9,554,0.857142857,1,0.923076923,6,7,1152,,,,
235,487,348,318,612,499,1,1,1,2,2,1133,,,,
236,156,428,303,602,342,0,0,0,0,0,778,,,,
237,323,268,313,233,67,0,0,0,0,0,745,,,,
238,256,646,178,40,316,1,1,1,2,2,730,,,,
239,492,423,305,578,548,0,0,0,0,0,768,,,,
240,17,144,174,40,309,0,0,0,0,0,888,,,,
241,430,76,629,114,415,1,1,1,3,3,1043,,,,
242,583,478,261,507,285,1,1,1,2,2,1014,,,,
243,90,450,265,507,590,1,1,1,2,2,697,,,,
244,139,237,463,41,278,0,0,0,0,0,835,,,,
245,227,350,305,357,115,0,0,0,0,0,799,,,,
246,427,582,91,342,472,0,0,0,0,0,1134,,,,
247,15,388,86,2,174,0,0,0,0,0,434,,,,
248,80,378,92,400,452,1,1,1,2,2,826,,,,
249,202,230,191,622,471,1,1,1,3,3,912,,,,
250,415,129,614,288,474,0,0,0,0,0,688,,,,
251,538,423,118,550,86,0,0,0,0,0,771,,,,
252,156,492,595,590,122,0,0,0,0,0,558,,,,
253,168,286,389,89,405,0,0,0,0,0,526,,,,
254,502,411,78,232,104,1,1,1,2,2,832,,,,
255,287,1,334,212,261,1,1,1,2,2,583,,,,
256,125,539,183,448,181,0,0,0,0,0,805,,,,
257,31,143,161,45,575,1,1,1,2,2,911,,,,
258,539,323,559,106,286,0,0,0,0,0,597,,,,
259,403,134,68,544,73,1,1,1,2,2,868,,,,
260,432,265,2,97,312,0,0,0,0,0,636,,,,
261,384,613,302,548,546,1,1,1,2,2,857,,,,
262,41,367,244,554,180,1,1,1,3,3,983,,,,
263,474,646,234,228,35,0,0,0,0,0,1110,,,,
264,538,223,566,18,554,1,1,1,5,5,985,,,,
265,222,44,373,148,511,1,1,1,3,3,531,,,,
266,641,163,449,274,596,1,1,1,2,2,642,,,,
267,432,163,262,610,83,1,1,1,2,2,836,,,,
268,307,150,518,176,584,1,1,1,2,2,860,,,,
269,406,466,601,398,277,0,0,0,0,0,799,,,,
270,62,561,297,176,568,1,1,1,4,4,1136,,,,
271,217,642,269,625,397,1,1,1,3,3,968,,,,
272,357,221,172,612,31,0,0,0,0,0,1016,,,,
273,386,109,233,291,222,1,1,1,2,2,953,,,,
274,567,419,540,57,550,1,1,1,2,2,769,,,,
275,123,603,248,591,436,0,0,0,0,0,861,,,,
276,566,322,38,530,565,1,1,1,2,2,643,,,,
277,172,70,548,331,150,0,0,0,0,0,946,,,,
278,113,382,241,488,549,0,0,0,0,0,751,,,,
279,221,420,432,181,439,0,0,0,0,0,573,,,,
280,27,588,629,136,433,1,1,1,3,3,975,,,,
281,542,533,406,149,160,0,0,0,0,0,620,,,,
282,128,101,492,538,408,0,0,0,0,0,854,,,,
283,332,54,527,160,164,0,0,0,0,0,693,,,,
284,96,38,407,272,542,1,1,1,2,2,798,,,,
285,606,302,96,272,481,0,0,0,0,0,796,,,,
286,463,262,55,219,531,1,1,1,2,2,1075,,,,
287,309,526,429,94,580,0,0,0,0,0,653,,,,
288,584,474,221,174,328,1,1,1,2,2,909,,,,
289,631,31,12,73,408,1,1,1,2,2,901,,,,
290,547,536,118,97,180,1,1,1,2,2,867,,,,
291,176,200,638,645,418,0,0,0,0,0,908,,,,
292,587,193,454,458,233,1,1,1,2,2,790,,,,
293,240,569,372,64,408,1,1,1,2,2,963,,,,
294,539,485,353,579,322,0,0,0,0,0,682,,,,
295,251,392,629,266,650,1,1,1,2,2,929,,,,
296,381,208,606,361,214,0,0,0,0,0,789,,,,
297,216,37,483,80,235,1,1,1,4,4,829,,,,
298,88,632,369,279,409,0,0,0,0,0,652,,,,
299,357,434,529,384,554,0,0,0,0,0,323,,,,
300,475,560,307,69,349,0,0,0,0,0,948,,,,
301,316,373,328,186,479,0,0,0,0,0,718,,,,
302,489,226,172,331,383,1,1,1,6,6,1018,,,,
303,114,317,268,9,164,0,0,0,0,0,922,,,,
304,484,139,405,102,640,0,0,0,0,0,762,,,,
305,286,398,288,74,319,0,0,0,0,0,791,,,,
306,579,394,344,212,211,0,0,0,0,0,815,,,,
307,193,157,541,500,167,1,1,1,4,4,752,,,,
308,203,414,249,538,545,1,1,1,2,2,854,,,,
309,419,391,229,42,39,0,0,0,0,0,643,,,,
310,493,409,345,69,19,1,1,1,2,2,867,,,,
311,594,450,125,144,18,1,1,1,3,3,870,,,,
312,256,313,618,240,548,0,0,0,0,0,264,,,,
313,77,94,523,198,175,1,1,1,3,3,975,,,,
314,226,448,93,478,284,1,1,1,2,2,850,,,,
315,373,367,204,145,210,1,1,1,2,2,795,,,,
316,610,464,632,428,68,0,0,0,0,0,803,,,,
317,567,371,34,254,339,0,0,0,0,0,868,,,,
318,585,321,50,105,586,0,0,0,0,0,402,,,,
319,440,375,312,601,376,1,1,1,2,2,743,,,,
320,159,342,631,46,494,0,0,0,0,0,262,,,,
321,521,622,394,410,647,1,1,1,2,2,933,,,,
322,283,501,161,15,575,1,1,1,2,2,827,,,,
323,639,448,486,514,599,1,1,1,2,2,824,,,,
324,462,47,14,253,602,0,0,0,0,0,923,,,,
325,651,1,285,282,96,0,0,0,0,0,733,,,,
326,125,132,137,353,42,0,0,0,0,0,684,,,,
327,619,95,179,205,10,0,0,0,0,0,425,,,,
328,523,186,528,545,385,0,0,0,0,0,526,,,,
329,239,77,611,640,302,0,0,0,0,0,756,,,,
330,265,570,177,125,445,1,1,1,3,3,889,,,,
331,147,384,156,186,444,0,0,0,0,0,717,,,,
332,608,205,584,562,407,1,1,1,2,2,756,,,,
333,146,62,590,409,156,1,1,1,3,3,1100,,,,
334,78,570,356,571,376,1,1,1,2,2,872,,,,
335,398,483,325,452,549,1,1,1,4,4,962,,,,
336,148,112,456,223,299,1,1,1,3,3,824,,,,
337,427,287,329,167,414,1,1,1,2,2,1032,,,,
338,367,421,229,499,18,0.666666667,1,0.8,2,3,1032,,,,
339,45,259,235,126,615,0,0,0,0,0,582,,,,
340,158,492,463,94,251,1,1,1,2,2,968,,,,
341,27,409,22,621,516,1,1,1,2,2,420,,,,
342,404,299,321,93,158,0,0,0,0,0,757,,,,
343,228,131,591,297,323,1,1,1,2,2,628,,,,
344,137,82,537,242,210,1,1,1,2,2,860,,,,
345,332,384,26,316,355,0,0,0,0,0,433,,,,
346,291,277,209,99,500,0,0,0,0,0,930,,,,
347,515,213,149,531,353,0,0,0,0,0,615,,,,
348,585,630,211,417,214,0,0,0,0,0,762,,,,
349,550,200,643,307,295,0,0,0,0,0,754,,,,
350,146,235,610,406,495,1,1,1,2,2,681,,,,
351,242,122,548,395,11,0,0,0,0,0,916,,,,
352,309,633,647,331,364,0,0,0,0,0,655,,,,
353,574,305,550,14,324,1,1,1,3,3,1247,,,,
354,346,79,85,137,8,0,0,0,0,0,992,,,,
355,585,184,97,383,606,0,0,0,0,0,744,,,,
356,51,335,99,61,248,0,0,0,0,0,955,,,,
357,257,4,444,155,170,1,1,1,2,2,697,,,,
358,201,36,601,347,596,0,0,0,0,0,269,,,,
359,481,641,322,443,342,0,0,0,0,0,712,,,,
360,311,25,596,276,159,0,0,0,0,0,436,,,,
361,580,278,393,619,492,0,0,0,0,0,585,,,,
362,394,395,573,580,218,1,1,1,2,2,747,,,,
363,314,131,417,108,190,1,1,1,2,2,1011,,,,
364,644,303,252,97,332,0,0,0,0,0,590,,,,
365,49,465,325,180,116,0,0,0,0,0,632,,,,
366,77,307,516,73,290,1,1,1,2,2,892,,,,
367,331,346,514,397,456,0,0,0,0,0,595,,,,
368,376,378,11,550,10,0,0,0,0,0,515,,,,
369,473,211,311,383,501,0,0,0,0,0,734,,,,
370,452,391,416,556,306,1,1,1,5,5,903,,,,
371,250,342,400,553,68,0,0,0,0,0,843,,,,
372,526,282,442,193,455,1,1,1,3,3,751,,,,
373,584,170,505,413,134,1,1,1,2,2,1170,,,,
374,458,43,365,127,326,1,1,1,2,2,985,,,,
375,63,431,353,381,157,0,0,0,0,0,1011,,,,
376,185,338,293,608,145,1,1,1,4,4,913,,,,
377,517,485,385,154,607,0,0,0,0,0,914,,,,
378,87,344,274,243,198,1,1,1,2,2,814,,,,
379,260,95,176,368,222,0,0,0,0,0,851,,,,
380,487,66,187,471,276,0,0,0,0,0,1181,,,,
381,120,615,308,53,391,0,0,0,0,0,426,,,,
382,629,285,41,419,596,1,1,1,2,2,731,,,,
383,386,592,621,335,223,0,0,0,0,0,993,,,,
384,254,150,210,239,76,1,1,1,2,2,963,,,,
385,244,216,396,116,8,1,1,1,2,2,791,,,,
386,311,426,230,615,65,0,0,0,0,0,653,,,,
387,363,498,223,298,462,0,0,0,0,0,729,,,,
388,484,421,405,259,399,0.666666667,1,0.8,2,3,811,,,,
389,210,155,229,331,640,1,1,1,3,3,870,,,,
390,240,328,5,408,489,1,1,1,2,2,543,,,,
391,405,312,297,553,476,0,0,0,0,0,746,,,,
392,271,401,551,346,141,0,0,0,0,0,917,,,,
393,300,587,370,367,2,1,1,1,2,2,982,,,,
394,219,384,19,182,144,1,1,1,3,3,805,,,,
395,473,212,58,357,248,0,0,0,0,0,584,,,,
396,128,528,383,223,373,1,1,1,4,4,922,,,,
397,325,315,85,6,501,0,0,0,0,0,863,,,,
398,24,617,613,294,626,0,0,0,0,0,782,,,,
399,630,193,599,1,78,0,0,0,0,0,565,,,,
400,188,395,162,26,641,1,1,1,3,3,744,,,,
401,329,367,116,395,434,0,0,0,0,0,737,,,,
402,609,351,558,488,278,0,0,0,0,0,577,,,,
403,347,161,530,191,493,1,1,1,2,2,515,,,,
404,171,195,381,426,66,1,1,1,2,2,869,,,,
405,87,488,601,80,359,1,1,1,4,4,739,,,,
406,123,355,626,289,285,1,1,1,2,2,926,,,,
407,129,617,60,650,76,0,0,0,0,0,889,,,,
408,500,333,639,382,102,0,0,0,0,0,584,,,,
409,324,453,106,508,307,0,0,0,0,0,1081,,,,
410,94,554,512,459,219,1,1,1,2,2,736,,,,
411,537,72,644,485,266,1,1,1,3,3,725,,,,
412,546,319,339,372,579,0,0,0,0,0,847,,,,
413,412,68,318,113,248,0,0,0,0,0,490,,,,
414,393,515,93,201,423,0,0,0,0,0,605,,,,
415,307,45,122,90,156,1,1,1,2,2,821,,,,
416,381,16,527,76,57,0,0,0,0,0,894,,,,
417,591,224,372,480,140,0,0,0,0,0,528,,,,
418,211,56,89,127,587,1,1,1,2,2,804,,,,
419,467,520,16,376,405,1,1,1,2,2,823,,,,
420,477,492,110,89,225,0,0,0,0,0,868,,,,
421,378,473,361,265,590,1,1,1,3,3,976,,,,
422,238,435,581,621,590,0,0,0,0,0,521,,,,
423,302,602,185,528,605,0,0,0,0,0,875,,,,
424,203,451,274,7,629,0.666666667,1,0.8,2,3,793,,,,
425,446,26,178,630,641,1,1,1,4,4,692,,,,
426,586,127,31,132,12,1,1,1,4,4,789,,,,
427,409,134,217,54,270,0,0,0,0,0,666,,,,
428,188,51,502,94,588,1,1,1,2,2,812,,,,
429,607,284,336,3,404,0,0,0,0,0,533,,,,
430,435,485,306,541,583,0,0,0,0,0,779,,,,
431,500,266,11,443,84,0,0,0,0,0,489,,,,
432,277,308,646,36,629,0,0,0,0,0,948,,,,
433,612,574,562,129,597,1,1,1,4,4,850,,,,
434,557,575,553,206,423,0,0,0,0,0,831,,,,
435,375,172,252,281,591,1,1,1,3,3,1025,,,,
436,276,514,35,356,167,0,0,0,0,0,1054,,,,
437,221,96,373,9,449,1,1,1,4,4,900,,,,
438,361,18,430,487,496,0,0,0,0,0,800,,,,
439,78,84,634,93,126,1,1,1,4,4,1080,,,,
440,398,504,499,600,378,0,0,0,0,0,787,,,,
441,334,72,53,159,156,1,1,1,2,2,1207,,,,
442,340,241,377,317,146,0,0,0,0,0,648,,,,
443,157,25,409,203,462,0,0,0,0,0,595,,,,
444,546,325,106,443,144,1,1,1,3,3,914,,,,
445,517,266,630,590,509,1,1,1,2,2,862,,,,
446,423,332,200,311,278,0,0,0,0,0,800,,,,
447,411,392,403,189,8,0.833333333,1,0.909090909,5,6,1133,,,,
448,363,128,609,586,141,0,0,0,0,0,975,,,,
449,575,161,527,424,439,0,0,0,0,0,804,,,,
450,582,6,338,36,594,1,1,1,4,4,1057,,,,
451,528,49,128,326,290,0,0,0,0,0,1014,,,,
452,196,202,529,603,466,0,0,0,0,0,752,,,,
453,350,120,480,460,88,1,1,1,2,2,891,,,,
454,23,400,143,459,328,0,0,0,0,0,1135,,,,
455,622,552,9,263,207,1,1,1,2,2,607,,,,
456,321,12,33,353,461,1,1,1,5,5,789,,,,
457,368,24,18,153,233,0.666666667,1,0.8,2,3,973,,,,
458,473,393,496,594,288,1,1,1,3,3,943,,,,
459,88,400,264,314,197,0,0,0,0,0,1002,,,,
460,274,408,393,405,7,0,0,0,0,0,826,,,,
461,633,252,60,41,259,1,1,1,2,2,810,,,,
462,221,526,54,179,294,1,1,1,3,3,662,,,,
463,245,27,454,110,563,0,0,0,0,0,791,,,,
464,570,615,156,188,212,1,1,1,4,4,785,,,,
465,81,180,420,24,77,0,0,0,0,0,604,,,,
466,480,345,594,333,166,0,0,0,0,0,930,,,,
467,245,617,107,508,544,0,0,0,0,0,995,,,,
468,205,135,6,313,332,1,1,1,2,2,852,,,,
469,121,54,574,177,354,0,0,0,0,0,816,,,,
470,591,51,508,639,484,0,0,0,0,0,562,,,,
471,212,475,346,581,245,0.666666667,1,0.8,2,3,471,,,,
472,329,632,451,231,586,0,0,0,0,0,716,,,,
473,391,51,614,485,414,1,1,1,4,4,1036,,,,
474,170,548,307,598,333,0,0,0,0,0,508,,,,
475,618,391,148,281,427,0,0,0,0,0,669,,,,
476,586,39,484,56,292,0,0,0,0,0,500,,,,
477,223,4,564,603,34,0,0,0,0,0,1052,,,,
478,607,478,332,232,580,0,0,0,0,0,787,,,,
479,75,194,335,510,516,1,1,1,2,2,1100,,,,
480,151,650,61,371,139,0,0,0,0,0,757,,,,
481,490,161,265,240,61,0,0,0,0,0,355,,,,
482,152,418,155,506,496,1,1,1,2,2,887,,,,
483,93,221,481,639,224,0,0,0,0,0,874,,,,
484,215,515,542,85,32,0,0,0,0,0,875,,,,
485,489,355,289,643,381,0,0,0,0,0,725,,,,
486,409,217,155,429,147,0,0,0,0,0,732,,,,
487,377,415,317,575,475,1,1,1,2,2,566,,,,
488,629,515,615,260,514,1,1,1,4,4,548,,,,
489,222,608,189,434,153,0,0,0,0,0,780,,,,
490,523,310,131,602,12,1,1,1,3,3,843,,,,
491,309,611,272,4,65,0,0,0,0,0,1009,,,,
492,326,410,13,128,80,0,0,0,0,0,758,,,,
493,286,325,453,464,426,0,0,0,0,0,791,,,,
494,544,264,610,316,194,0,0,0,0,0,733,,,,
495,387,162,200,577,624,1,1,1,4,4,786,,,,
496,345,51,348,499,250,1,1,1,2,2,561,,,,
497,403,67,532,427,110,0,0,0,0,0,673,,,,
498,422,247,317,567,476,1,1,1,2,2,841,,,,
499,312,618,570,259,642,0,0,0,0,0,501,,,,
500,223,636,449,495,562,0,0,0,0,0,1204,,,,
501,302,199,383,247,540,0,0,0,0,0,328,,,,
502,89,471,1,280,146,1,1,1,4,4,848,,,,
503,182,381,504,316,91,0,0,0,0,0,527,,,,
504,309,266,120,528,388,0,0,0,0,0,812,,,,
505,272,92,276,590,93,1,1,1,2,2,694,,,,
506,31,146,138,172,598,0.666666667,1,0.8,2,3,999,,,,
507,62,380,112,577,106,1,1,1,4,4,816,,,,
508,99,569,61,277,640,0,0,0,0,0,787,,,,
509,231,298,624,439,490,0,0,0,0,0,401,,,,
510,349,197,301,260,303,1,1,1,3,3,719,,,,
511,237,499,70,388,367,0,0,0,0,0,260,,,,
512,422,86,222,168,125,1,1,1,4,4,827,,,,
513,349,181,419,251,560,0,0,0,0,0,530,,,,
514,324,237,326,346,514,0,0,0,0,0,797,,,,
515,384,54,178,632,521,0,0,0,0,0,903,,,,
516,186,285,528,273,1,1,1,1,3,3,559,,,,
517,151,501,366,612,49,0,0,0,0,0,1193,,,,
518,337,453,397,61,438,1,1,1,3,3,802,,,,
519,137,119,629,232,36,0,0,0,0,0,1045,,,,
520,564,243,645,262,403,0,0,0,0,0,527,,,,
521,542,189,525,111,481,0,0,0,0,0,719,,,,
522,215,256,55,649,591,0.666666667,1,0.8,2,3,980,,,,
523,575,108,264,518,228,0,0,0,0,0,1018,,,,
524,558,22,327,196,206,0,0,0,0,0,621,,,,
525,297,267,314,193,500,1,1,1,2,2,875,,,,
526,262,614,218,464,327,0,0,0,0,0,657,,,,
527,503,367,387,408,631,1,1,1,3,3,1174,,,,
528,209,109,544,74,552,0,0,0,0,0,1016,,,,
529,258,229,452,117,303,1,1,1,6,6,846,,,,
530,354,617,198,578,275,0,0,0,0,0,925,,,,
531,6,613,349,155,239,0,0,0,0,0,287,,,,
532,350,308,338,353,506,1,1,1,5,5,780,,,,
533,198,590,55,145,448,0,0,0,0,0,353,,,,
534,151,463,390,570,266,0,0,0,0,0,634,,,,
535,286,557,71,232,11,1,1,1,3,3,715,,,,
536,124,551,554,338,322,0,0,0,0,0,813,,,,
537,32,120,18,498,391,0,0,0,0,0,488,,,,
538,114,492,404,17,639,0,0,0,0,0,723,,,,
539,90,543,86,477,228,0,0,0,0,0,666,,,,
540,511,180,386,553,410,0,0,0,0,0,783,,,,
541,48,373,167,427,636,0,0,0,0,0,1027,,,,
542,487,226,414,307,122,0,0,0,0,0,975,,,,
543,45,147,455,367,531,1,1,1,4,4,1056,,,,
544,442,267,367,209,603,1,1,1,2,2,643,,,,
545,423,648,364,626,104,0,0,0,0,0,709,,,,
546,117,237,305,278,507,1,1,1,3,3,807,,,,
547,95,180,128,622,636,1,1,1,3,3,686,,,,
548,637,84,313,250,447,1,1,1,6,6,911,,,,
549,216,321,203,211,496,0,0,0,0,0,394,,,,
550,619,95,238,153,121,0,0,0,0,0,871,,,,
551,168,332,297,421,651,1,1,1,5,5,772,,,,
552,77,246,393,524,433,1,1,1,4,4,861,,,,
553,585,350,433,451,186,0,0,0,0,0,1110,,,,
554,11,261,576,344,419,0,0,0,0,0,897,,,,
555,348,457,629,449,335,0,0,0,0,0,862,,,,
556,120,24,111,492,611,0,0,0,0,0,665,,,,
557,302,78,54,544,195,0,0,0,0,0,855,,,,
558,571,351,404,78,420,0.666666667,1,0.8,2,3,1158,,,,
559,276,412,635,116,201,0,0,0,0,0,857,,,,
560,262,512,97,618,104,0,0,0,0,0,400,,,,
561,420,67,280,263,621,0,0,0,0,0,680,,,,
562,426,279,394,338,49,0,0,0,0,0,558,,,,
563,388,292,65,366,89,0.5,1,0.666666667,2,4,1090,,,,
564,101,600,285,205,60,0,0,0,0,0,836,,,,
565,55,148,256,32,184,0,0,0,0,0,561,,,,
566,461,533,563,229,135,0,0,0,0,0,884,,,,
567,161,489,444,458,466,0,0,0,0,0,627,,,,
568,116,402,546,627,555,0,0,0,0,0,757,,,,
569,412,345,643,510,382,1,1,1,3,3,816,,,,
570,492,368,526,440,125,1,1,1,4,4,997,,,,
571,564,550,523,108,542,0,0,0,0,0,783,,,,
572,431,356,313,412,281,0.75,1,0.857142857,3,4,1068,,,,
573,628,196,622,613,585,0.75,1,0.857142857,3,4,1080,,,,
574,625,103,332,514,485,0,0,0,0,0,1104,,,,
575,252,613,456,341,333,1,1,1,3,3,709,,,,
576,463,213,307,487,553,0,0,0,0,0,938,,,,
577,85,369,598,190,55,1,1,1,5,5,862,,,,
578,603,342,62,131,224,0,0,0,0,0,1034,,,,
579,123,601,240,292,592,1,1,1,2,2,760,,,,
580,129,146,60,503,452,0,0,0,0,0,669,,,,
581,593,268,375,386,88,1,1,1,2,2,772,,,,
582,575,428,57,240,132,0,0,0,0,0,567,,,,
583,525,201,373,347,31,1,1,1,2,2,1002,,,,
584,119,62,248,265,167,0,0,0,0,0,946,,,,
585,221,231,480,643,536,0,0,0,0,0,898,,,,
586,363,406,30,206,335,0,0,0,0,0,679,,,,
587,55,283,550,646,236,0,0,0,0,0,802,,,,
588,481,167,155,459,128,0,0,0,0,0,477,,,,
589,455,622,558,353,410,0,0,0,0,0,580,,,,
590,409,146,408,429,427,1,1,1,2,2,653,,,,
591,134,574,413,30,149,0,0,0,0,0,968,,,,
592,388,354,245,413,126,1,1,1,2,2,635,,,,
593,309,343,541,186,143,0,0,0,0,0,679,,,,
594,368,333,316,548,533,0.666666667,1,0.8,2,3,731,,,,
595,134,169,486,330,466,0,0,0,0,0,792,,,,
596,339,358,164,196,521,0,0,0,0,0,725,,,,
597,518,576,306,110,494,1,1,1,2,2,730,,,,
598,624,269,286,115,335,0,0,0,0,0,796,,,,
599,230,84,125,645,484,1,1,1,5,5,675,,,,
600,117,37,44,205,365,0,0,0,0,0,559,,,,
601,515,411,630,229,559,0,0,0,0,0,623,,,,
602,117,158,306,354,439,0,0,0,0,0,792,,,,
603,6,155,136,417,615,0,0,0,0,0,834,,,,
604,142,610,201,495,378,0,0,0,0,0,726,,,,
605,417,592,413,508,88,1,1,1,2,2,899,,,,
606,247,444,608,643,504,0,0,0,0,0,1012,,,,
607,627,152,264,453,107,0,0,0,0,0,1056,,,,
608,374,41,293,51,564,0,0,0,0,0,663,,,,
609,399,588,222,389,218,1,1,1,3,3,994,,,,
610,67,397,472,526,240,1,1,1,3,3,1150,,,,
611,394,2,16,32,365,0,0,0,0,0,614,,,,
612,636,263,507,207,364,1,1,1,2,2,656,,,,
613,278,340,568,566,380,0,0,0,0,0,798,,,,
614,437,259,473,188,315,1,1,1,2,2,876,,,,
615,586,496,199,122,14,0,0,0,0,0,847,,,,
616,444,401,35,427,490,0,0,0,0,0,1007,,,,
617,400,325,286,306,496,0.75,1,0.857142857,3,4,815,,,,
618,76,366,349,215,177,0.75,1,0.857142857,3,4,963,,,,
619,569,313,187,640,482,0,0,0,0,0,736,,,,
620,572,27,442,512,153,0,0,0,0,0,664,,,,
621,108,275,392,253,549,0,0,0,0,0,893,,,,
622,32,227,367,383,57,1,1,1,3,3,688,,,,
623,275,378,554,571,178,0,0,0,0,0,866,,,,
624,400,556,22,406,132,0,0,0,0,0,970,,,,
625,361,642,25,433,431,1,1,1,3,3,1059,,,,
626,10,253,172,590,641,1,1,1,3,3,1101,,,,
627,84,456,102,411,270,1,1,1,2,2,906,,,,
628,70,392,331,100,462,1,1,1,4,4,759,,,,
629,566,150,28,463,125,0,0,0,0,0,730,,,,
630,1,621,176,53,448,0,0,0,0,0,806,,,,
631,601,146,370,554,440,1,1,1,2,2,879,,,,
632,493,320,349,302,380,1,1,1,3,3,857,,,,
633,610,530,22,387,66,0,0,0,0,0,755,,,,
634,323,217,195,568,408,1,1,1,2,2,662,,,,
635,403,342,236,584,239,1,1,1,6,6,937,,,,
636,252,46,549,147,387,1,1,1,3,3,1058,,,,
637,215,620,534,205,128,0,0,0,0,0,819,,,,
638,280,506,245,179,514,1,1,1,5,5,1008,,,,
639,320,230,123,455,573,1,1,1,2,2,843,,,,
640,497,628,542,614,444,0,0,0,0,0,796,,,,
641,72,423,579,332,572,1,1,1,2,2,678,,,,
642,396,29,140,179,344,1,1,1,4,4,1082,,,,
643,266,116,275,226,454,0,0,0,0,0,704,,,,
644,140,183,125,561,277,0,0,0,0,0,765,,,,
645,628,220,310,360,346,0,0,0,0,0,563,,,,
646,338,312,226,93,273,1,1,1,2,2,691,,,,
647,227,58,56,284,361,1,1,1,4,4,1028,,,,
648,236,641,537,177,551,1,1,1,2,2,761,,,,
649,537,148,21,52,352,0,0,0,0,0,969,,,,
650,105,390,107,520,57,0,0,0,0,0,897,,,,
651,312,76,178,522,148,1,1,1,2,2,676,,,,
652,76,7,457,200,224,1,1,1,6,6,962,,,,
653,22,378,347,79,78,1,1,1,2,2,670,,,,
654,588,321,315,460,189,0,0,0,0,0,812,,,,
655,521,508,164,207,110,0,0,0,0,0,874,,,,
656,333,226,53,264,573,0,0,0,0,0,749,,,,
657,3,472,546,622,454,0,0,0,0,0,906,,,,
658,290,339,319,420,179,0,0,0,0,0,942,,,,
659,485,178,513,61,500,0,0,0,0,0,880,,,,
660,453,347,165,62,123,1,1,1,2,2,718,,,,
661,347,646,247,16,557,0,0,0,0,0,604,,,,
662,319,341,345,503,337,1,1,1,4,4,664,,,,
663,568,468,500,440,277,0.75,1,0.857142857,3,4,899,,,,
664,347,15,208,269,504,1,1,1,2,2,604,,,,
665,608,316,352,503,397,0,0,0,0,0,495,,,,
666,651,543,434,88,474,0,0,0,0,0,753,,,,
667,78,495,651,619,16,0,0,0,0,0,655,,,,
668,21,337,503,227,34,0,0,0,0,0,999,,,,
669,104,205,540,2,400,0,0,0,0,0,696,,,,
670,354,350,76,599,461,1,1,1,4,4,776,,,,
671,432,433,367,602,428,1,1,1,2,2,863,,,,
672,495,650,249,291,54,0,0,0,0,0,225,,,,
673,448,628,516,234,172,0,0,0,0,0,887,,,,
674,274,40,204,307,227,0,0,0,0,0,608,,,,
675,308,100,167,170,643,0,0,0,0,0,196,,,,
676,240,71,214,27,557,1,1,1,3,3,940,,,,
677,580,195,274,111,152,0,0,0,0,0,844,,,,
678,310,505,469,530,534,0,0,0,0,0,721,,,,
679,401,53,382,347,24,0,0,0,0,0,512,,,,
680,469,6,524,54,191,1,1,1,2,2,979,,,,
681,84,424,584,564,136,1,1,1,3,3,935,,,,
682,169,362,566,474,279,1,1,1,2,2,766,,,,
683,211,156,162,558,90,1,1,1,2,2,983,,,,
684,533,629,125,307,33,0,0,0,0,0,935,,,,
685,383,291,96,126,396,1,1,1,3,3,767,,,,
686,475,16,177,265,437,0,0,0,0,0,908,,,,
687,405,37,50,321,548,1,1,1,6,6,917,,,,
688,631,564,153,126,352,1,1,1,2,2,991,,,,
689,185,73,221,1,353,1,1,1,6,6,982,,,,
690,346,628,544,491,127,0,0,0,0,0,673,,,,
691,64,548,596,565,469,0.666666667,1,0.8,2,3,750,,,,
692,547,102,553,231,633,0.75,1,0.857142857,3,4,878,,,,
693,470,259,115,521,273,0,0,0,0,0,952,,,,
694,106,83,623,456,211,0,0,0,0,0,744,,,,
695,159,298,496,545,85,0.8,1,0.888888889,4,5,1125,,,,
696,47,584,125,412,622,1,1,1,5,5,720,,,,
697,234,34,423,516,279,0,0,0,0,0,1057,,,,
698,386,570,172,600,615,0,0,0,0,0,919,,,,
699,581,196,622,131,395,1,1,1,3,3,1116,,,,
700,589,488,504,480,350,0,0,0,0,0,740,,,,
701,145,611,267,337,629,0,0,0,0,0,508,,,,
702,20,335,348,593,503,0,0,0,0,0,840,,,,
703,244,583,521,520,646,1,1,1,2,2,1121,,,,
704,181,173,634,335,593,0,0,0,0,0,886,,,,
705,374,110,622,224,422,1,1,1,2,2,697,,,,
706,347,130,552,167,194,0,0,0,0,0,669,,,,
707,403,482,441,18,530,1,1,1,3,3,953,,,,
708,201,432,315,474,213,0,0,0,0,0,883,,,,
709,441,545,184,377,140,0,0,0,0,0,887,,,,
710,83,597,263,598,316,1,1,1,3,3,824,,,,
711,326,567,439,41,468,1,1,1,2,2,911,,,,
712,75,241,649,285,447,0,0,0,0,0,709,,,,
713,544,596,288,497,150,0,0,0,0,0,503,,,,
714,307,530,507,154,428,1,1,1,3,3,920,,,,
715,372,456,116,63,94,0,0,0,0,0,706,,,,
716,229,185,203,179,518,0,0,0,0,0,906,,,,
717,262,518,354,227,258,0,0,0,0,0,606,,,,
718,310,38,428,471,181,1,1,1,4,4,753,,,,
719,258,93,651,320,355,0,0,0,0,0,727,,,,
720,230,183,214,78,508,0,0,0,0,0,749,,,,
721,321,492,543,23,593,1,1,1,3,3,755,,,,
722,168,452,563,154,322,0.666666667,1,0.8,2,3,881,,,,
723,618,359,362,72,22,0.666666667,1,0.8,2,3,761,,,,
724,419,599,151,33,224,1,1,1,2,2,826,,,,
725,261,15,93,397,315,0,0,0,0,0,614,,,,
726,613,258,76,601,274,1,1,1,3,3,735,,,,
727,2,42,602,171,376,0,0,0,0,0,689,,,,
728,194,338,508,220,459,1,1,1,4,4,892,,,,
729,89,106,499,332,336,0,0,0,0,0,875,,,,
730,626,183,394,129,506,0.666666667,1,0.8,4,6,1049,,,,
731,643,566,443,268,144,0,0,0,0,0,901,,,,
732,509,43,398,443,648,0,0,0,0,0,860,,,,
733,490,65,318,86,400,0,0,0,0,0,482,,,,
734,218,459,156,207,157,1,1,1,3,3,1072,,,,
735,440,614,590,261,128,1,1,1,2,2,1001,,,,
736,396,200,272,134,397,0,0,0,0,0,815,,,,
737,436,572,462,24,92,0,0,0,0,0,598,,,,
738,44,217,198,353,93,0,0,0,0,0,1030,,,,
739,612,465,204,376,224,1,1,1,3,3,733,,,,
740,435,271,615,627,359,0,0,0,0,0,643,,,,
741,399,629,479,240,100,0,0,0,0,0,709,,,,
742,523,384,371,477,385,1,1,1,4,4,977,,,,
743,340,377,208,334,238,1,1,1,2,2,1161,,,,
744,549,11,205,544,73,1,1,1,5,5,940,,,,
745,429,445,538,206,561,0,0,0,0,0,660,,,,
746,252,249,229,165,30,1,1,1,3,3,1162,,,,
747,248,22,171,641,341,0,0,0,0,0,921,,,,
748,58,266,405,439,438,0,0,0,0,0,804,,,,
749,480,367,289,404,597,0,0,0,0,0,668,,,,
750,518,386,483,153,515,1,1,1,3,3,946,,,,
751,459,106,412,1,596,0,0,0,0,0,947,,,,
752,379,17,275,440,531,0,0,0,0,0,907,,,,
753,323,1,315,184,614,0,0,0,0,0,1132,,,,
754,573,178,381,209,307,1,1,1,2,2,911,,,,
755,433,46,8,176,388,1,1,1,2,2,1010,,,,
756,536,489,216,8,362,0,0,0,0,0,961,,,,
757,597,428,19,108,645,0,0,0,0,0,408,,,,
758,611,219,643,342,365,0,0,0,0,0,531,,,,
759,23,537,549,513,169,0,0,0,0,0,757,,,,
760,552,544,522,526,260,0,0,0,0,0,994,,,,
761,18,394,287,332,416,0,0,0,0,0,875,,,,
762,523,616,48,535,649,0,0,0,0,0,830,,,,
763,388,509,482,495,163,0,0,0,0,0,692,,,,
764,30,231,212,633,361,0,0,0,0,0,960,,,,
765,223,259,610,270,188,1,1,1,3,3,826,,,,
766,363,648,634,196,138,1,1,1,5,5,934,,,,
767,552,17,421,66,383,0,0,0,0,0,908,,,,
768,70,224,514,451,458,0,0,0,0,0,731,,,,
769,15,16,301,393,323,0.666666667,1,0.8,2,3,732,,,,
770,606,24,281,104,345,1,1,1,2,2,599,,,,
771,267,623,340,173,521,0.666666667,1,0.8,2,3,540,,,,
772,419,12,159,483,345,0,0,0,0,0,763,,,,
773,64,40,271,140,150,0,0,0,0,0,601,,,,
774,375,450,366,587,374,1,1,1,2,2,758,,,,
775,401,30,547,529,556,0,0,0,0,0,668,,,,
776,349,469,336,478,139,0,0,0,0,0,882,,,,
777,374,554,195,149,302,0,0,0,0,0,830,,,,
778,51,26,206,484,431,0,0,0,0,0,957,,,,
779,538,138,510,168,58,0,0,0,0,0,815,,,,
780,20,262,232,233,239,0,0,0,0,0,644,,,,
781,579,36,388,495,628,0,0,0,0,0,904,,,,
782,145,43,461,287,386,1,1,1,3,3,1016,,,,
783,459,49,622,552,605,1,1,1,3,3,870,,,,
784,504,234,417,1,80,0,0,0,0,0,888,,,,
785,240,150,200,503,299,0,0,0,0,0,685,,,,
786,324,650,90,291,361,1,1,1,4,4,1027,,,,
787,496,445,60,272,180,1,1,1,2,2,614,,,,
788,375,147,586,484,246,0,0,0,0,0,947,,,,
789,56,81,12,364,539,0,0,0,0,0,604,,,,
790,405,615,519,419,472,0,0,0,0,0,886,,,,
791,62,641,83,348,352,0,0,0,0,0,1052,,,,
792,19,219,195,28,23,1,1,1,3,3,783,,,,
793,546,402,507,636,642,1,1,1,3,3,843,,,,
794,516,191,538,386,169,1,1,1,5,5,982,,,,
795,391,543,494,413,400,1,1,1,2,2,952,,,,
796,68,319,429,589,62,0,0,0,0,0,961,,,,
797,187,347,514,247,482,0,0,0,0,0,465,,,,
798,227,286,336,524,63,1,1,1,2,2,688,,,,
799,63,403,28,65,427,0,0,0,0,0,912,,,,
800,120,306,345,228,133,0,0,0,0,0,954,,,,
801,493,433,324,431,487,0,0,0,0,0,664,,,,
802,69,520,372,39,352,0,0,0,0,0,683,,,,
803,358,246,35,449,416,0,0,0,0,0,687,,,,
804,242,284,297,643,387,1,1,1,6,6,970,,,,
805,179,622,423,441,135,0,0,0,0,0,697,,,,
806,42,364,128,75,52,0,0,0,0,0,929,,,,
807,441,200,494,223,478,0,0,0,0,0,1013,,,,
808,296,335,478,630,295,0,0,0,0,0,703,,,,
809,242,317,348,198,266,0,0,0,0,0,1120,,,,
810,186,617,110,386,569,0,0,0,0,0,590,,,,
811,27,129,577,413,179,0,0,0,0,0,722,,,,
812,626,468,597,445,577,1,1,1,3,3,953,,,,
813,90,412,248,472,17,0,0,0,0,0,964,,,,
814,414,375,514,393,338,1,1,1,2,2,711,,,,
815,433,646,410,420,480,0,0,0,0,0,733,,,,
816,198,628,307,483,13,1,1,1,2,2,617,,,,
817,253,435,287,134,276,0,0,0,0,0,613,,,,
818,317,621,294,426,20,1,1,1,2,2,918,,,,
819,51,131,112,314,283,0,0,0,0,0,771,,,,
820,458,597,257,594,506,0,0,0,0,0,832,,,,
821,35,213,26,407,268,1,1,1,3,3,805,,,,
822,381,233,337,400,497,0,0,0,0,0,859,,,,
823,201,78,184,391,215,0,0,0,0,0,771,,,,
824,453,500,456,603,74,1,1,1,2,2,723,,,,
825,311,112,59,557,166,0,0,0,0,0,526,,,,
826,342,347,85,48,276,0,0,0,0,0,1051,,,,
827,603,624,594,174,386,0,0,0,0,0,748,,,,
828,603,80,571,69,336,0,0,0,0,0,291,,,,
829,308,243,430,337,312,1,1,1,3,3,539,,,,
830,30,371,360,643,260,0,0,0,0,0,503,,,,
831,516,522,432,556,86,1,1,1,2,2,605,,,,
832,303,534,572,338,449,1,1,1,3,3,368,,,,
833,40,39,421,364,626,1,1,1,2,2,845,,,,
834,314,238,552,270,221,0,0,0,0,0,206,,,,
835,456,228,367,113,170,0,0,0,0,0,827,,,,
836,273,585,121,651,456,0,0,0,0,0,667,,,,
837,628,294,414,590,606,1,1,1,2,2,795,,,,
838,445,503,637,493,403,1,1,1,3,3,863,,,,
839,335,576,641,481,6,1,1,1,2,2,845,,,,
840,385,237,245,474,32,0,0,0,0,0,542,,,,
841,650,142,138,552,381,0,0,0,0,0,802,,,,
842,283,588,384,521,454,1,1,1,4,4,830,,,,
843,441,191,203,478,155,1,1,1,2,2,1008,,,,
844,640,154,559,331,103,0,0,0,0,0,778,,,,
845,371,133,259,488,19,0,0,0,0,0,719,,,,
846,73,559,557,77,545,0,0,0,0,0,793,,,,
847,418,386,556,267,25,0,0,0,0,0,635,,,,
848,123,235,477,87,527,1,1,1,2,2,987,,,,
849,68,426,482,172,82,0,0,0,0,0,658,,,,
850,343,100,162,264,445,0,0,0,0,0,591,,,,
851,114,423,18,559,19,0,0,0,0,0,957,,,,
852,92,325,6,148,164,0,0,0,0,0,777,,,,
853,54,42,289,297,494,1,1,1,5,5,909,,,,
854,19,146,58,596,441,1,1,1,3,3,1071,,,,
855,64,167,162,493,480,0,0,0,0,0,894,,,,
856,380,401,77,591,457,0,0,0,0,0,632,,,,
857,144,118,449,157,186,0,0,0,0,0,942,,,,
858,270,443,6,434,557,0,0,0,0,0,835,,,,
859,622,475,427,25,127,0,0,0,0,0,408,,,,
860,513,10,151,618,590,1,1,1,5,5,1060,,,,
861,57,398,630,320,419,0,0,0,0,0,620,,,,
862,557,637,245,222,130,0,0,0,0,0,798,,,,
863,597,69,232,81,352,0,0,0,0,0,682,,,,
864,541,343,599,14,375,1,1,1,3,3,1182,,,,
865,420,148,587,339,344,1,1,1,2,2,874,,,,
866,528,514,379,131,448,0,0,0,0,0,807,,,,
867,84,439,283,98,624,1,1,1,3,3,849,,,,
868,3,590,32,415,501,0,0,0,0,0,832,,,,
869,326,136,108,404,79,1,1,1,5,5,657,,,,
870,591,436,556,106,407,0.75,1,0.857142857,3,4,507,,,,
871,630,479,592,314,220,1,1,1,4,4,707,,,,
872,568,444,611,643,645,0,0,0,0,0,749,,,,
873,402,588,272,61,485,0,0,0,0,0,808,,,,
874,157,383,350,611,593,0,0,0,0,0,729,,,,
875,218,596,194,17,395,0,0,0,0,0,739,,,,
876,53,444,62,153,644,0,0,0,0,0,705,,,,
877,487,125,25,412,152,1,1,1,4,4,699,,,,
878,580,651,572,74,34,0,0,0,0,0,752,,,,
879,156,12,134,606,27,0,0,0,0,0,764,,,,
880,637,264,423,604,69,1,1,1,6,6,968,,,,
881,430,275,516,169,330,0,0,0,0,0,972,,,,
882,550,62,100,441,495,0,0,0,0,0,297,,,,
883,558,267,117,569,189,1,1,1,2,2,840,,,,
884,10,531,540,53,276,0,0,0,0,0,782,,,,
885,23,235,527,209,451,0,0,0,0,0,914,,,,
886,369,499,602,444,391,0,0,0,0,0,916,,,,
887,515,122,420,542,527,0,0,0,0,0,647,,,,
888,39,244,491,188,257,1,1,1,4,4,667,,,,
889,553,571,184,630,426,0,0,0,0,0,741,,,,
890,222,260,346,560,489,0,0,0,0,0,910,,,,
891,466,271,114,133,240,1,1,1,2,2,829,,,,
892,102,332,133,290,423,1,1,1,2,2,671,,,,
893,332,231,388,81,431,1,1,1,3,3,746,,,,
894,244,22,477,329,363,1,1,1,2,2,720,,,,
895,420,612,225,478,273,1,1,1,2,2,836,,,,
896,82,551,12,210,62,0,0,0,0,0,409,,,,
897,280,67,560,276,170,1,1,1,4,4,755,,,,
898,469,198,387,345,282,0,0,0,0,0,276,,,,
899,285,183,127,606,340,1,1,1,3,3,723,,,,
900,584,86,536,626,273,0,0,0,0,0,319,,,,
901,182,550,409,49,382,0,0,0,0,0,1127,,,,
902,250,614,612,394,101,0,0,0,0,0,691,,,,
903,122,629,129,504,261,0,0,0,0,0,776,,,,
904,54,466,47,140,205,0,0,0,0,0,950,,,,
905,82,473,276,444,463,1,1,1,2,2,926,,,,
906,406,547,248,570,399,0,0,0,0,0,278,,,,
907,84,172,118,36,623,1,1,1,3,3,885,,,,
908,561,362,115,565,546,0,0,0,0,0,911,,,,
909,650,504,23,230,594,1,1,1,3,3,859,,,,
910,104,572,370,13,431,0,0,0,0,0,569,,,,
911,379,157,522,348,381,1,1,1,4,4,807,,,,
912,250,289,317,39,411,0,0,0,0,0,945,,,,
913,19,281,399,587,54,0,0,0,0,0,658,,,,
914,311,93,380,441,36,0,0,0,0,0,1109,,,,
915,23,52,578,369,175,0,0,0,0,0,1046,,,,
916,588,83,88,430,47,0,0,0,0,0,709,,,,
917,185,22,61,210,600,0,0,0,0,0,1021,,,,
918,79,263,365,66,226,1,1,1,3,3,866,,,,
919,583,528,348,421,527,1,1,1,2,2,898,,,,
920,404,650,160,296,90,1,1,1,3,3,729,,,,
921,564,34,128,218,190,0,0,0,0,0,487,,,,
922,263,262,545,641,8,0,0,0,0,0,632,,,,
923,560,586,161,323,263,0,0,0,0,0,552,,,,
924,517,70,74,462,251,1,1,1,2,2,793,,,,
925,630,540,573,416,245,0,0,0,0,0,661,,,,
926,41,488,419,358,294,0,0,0,0,0,920,,,,
927,174,181,519,326,270,0,0,0,0,0,850,,,,
928,397,93,181,194,256,1,1,1,3,3,811,,,,
929,7,98,394,120,503,0,0,0,0,0,596,,,,
930,435,29,455,498,53,1,1,1,2,2,690,,,,
931,350,491,365,632,599,0,0,0,0,0,1210,,,,
932,370,445,408,95,137,0,0,0,0,0,703,,,,
933,544,533,430,622,561,1,1,1,2,2,491,,,,
934,359,50,614,638,627,0,0,0,0,0,920,,,,
935,414,55,228,199,130,0,0,0,0,0,758,,,,
936,563,279,124,588,168,1,1,1,3,3,895,,,,
937,503,465,448,639,166,0,0,0,0,0,787,,,,
938,248,588,464,51,211,0,0,0,0,0,659,,,,
939,14,619,193,180,196,0,0,0,0,0,807,,,,
940,14,373,435,13,264,0,0,0,0,0,875,,,,
941,369,108,593,83,353,1,1,1,3,3,793,,,,
942,200,246,350,283,572,0,0,0,0,0,569,,,,
943,488,319,396,71,21,0,0,0,0,0,561,,,,
944,603,429,541,71,425,0,0,0,0,0,641,,,,
945,634,269,349,585,131,0,0,0,0,0,977,,,,
946,224,288,97,334,619,0,0,0,0,0,593,,,,
947,439,466,173,246,560,0,0,0,0,0,1014,,,,
948,232,517,432,213,434,1,1,1,3,3,616,,,,
949,264,628,516,500,299,1,1,1,3,3,738,,,,
950,543,126,68,31,2,0,0,0,0,0,923,,,,
951,22,250,632,462,248,1,1,1,2,2,504,,,,
952,576,450,3,407,326,1,1,1,2,2,937,,,,
953,80,63,387,161,624,0,0,0,0,0,792,,,,
954,501,170,177,359,162,1,1,1,3,3,805,,,,
955,163,277,15,168,80,1,1,1,3,3,1073,,,,
956,110,231,497,401,273,0,0,0,0,0,304,,,,
957,582,272,306,337,560,1,1,1,5,5,1226,,,,
958,541,53,389,417,405,0,0,0,0,0,994,,,,
959,191,584,223,234,462,1,1,1,5,5,1008,,,,
960,497,137,21,408,426,0,0,0,0,0,699,,,,
961,598,606,253,487,443,1,1,1,3,3,667,,,,
962,417,494,463,168,352,1,1,1,2,2,866,,,,
963,649,223,49,310,636,0,0,0,0,0,915,,,,
964,80,310,469,41,71,0,0,0,0,0,600,,,,
965,269,641,289,298,245,0,0,0,0,0,934,,,,
966,305,249,308,201,604,0,0,0,0,0,551,,,,
967,442,267,636,527,286,0,0,0,0,0,680,,,,
968,25,406,408,455,160,0,0,0,0,0,947,,,,
969,153,278,211,504,597,0,0,0,0,0,710,,,,
970,314,464,8,207,136,0,0,0,0,0,760,,,,
971,533,151,555,180,536,0,0,0,0,0,687,,,,
972,417,56,497,377,142,0,0,0,0,0,832,,,,
973,325,392,107,297,575,0,0,0,0,0,646,,,,
974,349,160,406,598,591,1,1,1,3,3,888,,,,
975,599,136,201,112,127,1,1,1,2,2,528,,,,
976,19,119,587,323,77,0,0,0,0,0,690,,,,
977,433,346,282,634,25,1,1,1,2,2,943,,,,
978,449,584,288,226,274,1,1,1,2,2,825,,,,
979,160,158,487,260,82,0,0,0,0,0,423,,,,
980,481,23,483,451,242,1,1,1,5,5,929,,,,
981,35,372,425,98,14,0,0,0,0,0,1157,,,,
982,622,367,412,589,436,0,0,0,0,0,784,,,,
983,635,324,84,146,585,0,0,0,0,0,605,,,,
984,184,326,190,195,417,0,0,0,0,0,642,,,,
985,20,189,327,246,51,1,1,1,2,2,1012,,,,
986,473,499,155,622,576,0.8,1,0.888888889,4,5,1115,,,,
987,239,505,32,514,588,0,0,0,0,0,684,,,,
988,466,18,115,8,146,1,1,1,2,2,804,,,,
989,450,351,115,32,315,0,0,0,0,0,831,,,,
990,505,472,98,40,66,0,0,0,0,0,699,,,,
